opportunity_rank,borough_name,property_count,avg_price,median_price,avg_price_per_sqft,avg_price_growth,avg_demand_score,avg_mobility_score,avg_climate_risk_score,avg_property_quality,avg_daysOnZillow,total_tourViewCount,total_num_of_applications,avg_bedrooms,avg_bathrooms,avg_livingArea,opportunity_score
1.0,Pontiac,1,95200.0,95200.0,,14237.349397590362,18.019777969389956,62.333333333333336,25.0,39.64,5187.0,0.0,0.0,3.0,2.0,1596.0,50.93222630673965
2.0,Windsor,1,717900.0,717900.0,,35.45283018867924,20.513580513041603,79.0,25.0,73.63,3336.0,0.0,0.0,3.0,4.0,2226.0,42.11493208709301
3.0,Newton Highlands,1,1270000.0,1270000.0,,0.0,24.902996335417114,82.66666666666667,25.0,52.769999999999996,78.0,0.0,0.0,1.0,2.0,1272.0,42.02103996373525
4.0,Medina,1,461200.0,461200.0,,28.111111111111107,22.426708342315155,73.33333333333333,25.0,73.825,1916.0,0.0,0.0,4.0,3.0,3617.0,41.95081924761207
5.0,Miami Beach,1,1999500.0,1999500.0,,58.06324110671937,22.631493856434577,74.66666666666667,25.0,70.94,1764.0,0.0,0.0,3.0,3.0,2640.0,41.91985973493007
6.0,Chevy Chase,1,2323100.0,2323100.0,,13.321951219512195,20.71701875404182,84.66666666666667,25.0,64.39,3185.0,0.0,0.0,2.0,3.0,2780.0,41.875433960124646
7.0,Hayward,1,866100.0,866100.0,,12.700065061808719,22.405151972407847,69.5,25.0,78.045,1932.0,0.0,0.0,4.0,3.5,1909.0,41.667109661529906
8.0,Springfield,1,803300.0,803300.0,,301.65000000000003,23.142110368613924,63.0,25.0,80.465,1385.0,0.0,0.0,4.0,2.5,3078.0,41.258777961051024
9.0,Johns Creek,1,785000.0,785000.0,,0.0,24.768269023496444,52.0,25.0,88.47000000000001,178.0,0.0,0.0,5.0,3.0,4646.0,40.47138952752737
10.0,Norfolk,1,275000.0,275000.0,,0.0,24.32501616727743,66.66666666666667,25.0,67.98,507.0,0.0,0.0,3.0,3.0,2498.0,39.93780467529861
11.0,Blair,1,338900.0,338900.0,,7.587301587301587,23.37923043759431,72.66666666666667,25.0,62.2,1209.0,0.0,0.0,6.0,3.0,2442.0,39.69824669691869
12.0,Burbank,1,360000.0,360000.0,,0.0,24.409894373787456,73.33333333333333,25.0,56.99,444.0,0.0,0.0,5.0,3.0,0.0,39.537469691589685
13.0,Appleton,1,629300.0,629300.0,,22.194174757281555,23.146152187971545,54.0,25.0,85.75,1382.0,0.0,0.0,4.0,6.0,5477.0,39.09126685900708
14.0,North Las Vegas,1,490400.0,490400.0,,113.21739130434783,19.869583962060787,57.0,25.0,92.05,3814.0,0.0,0.0,5.0,5.0,3410.0,38.91092555772851
15.0,Boulder,1,1016000.0,1016000.0,,0.0,24.345225264065533,78.33333333333333,25.0,47.544999999999995,492.0,0.0,0.0,3.0,2.0,1577.0,38.832511750089125
16.0,Carson City,1,425700.0,425700.0,,174.71782858691654,21.25188618236689,80.33333333333333,25.0,53.97,2788.0,0.0,0.0,4.0,2.0,1512.0,38.65861489137168
17.0,La Follette,1,726700.0,726700.0,,0.0,24.664528993317525,50.0,25.0,83.06,255.0,0.0,0.0,5.0,4.0,2912.0,38.40436758657666
18.0,Truckee,1,1007600.0,1007600.0,,25.167701863354036,22.39033196809657,68.33333333333333,25.0,64.63,1943.0,0.0,0.0,3.0,2.5,1761.0,38.02655122624615
19.0,Colorado Springs,1,415600.0,415600.0,,73.16666666666667,20.640224186247035,60.0,25.0,80.97000000000001,3242.0,0.0,0.0,5.0,3.0,2896.0,37.807948800527626
20.0,Camarillo,1,746200.0,746200.0,,35.18115942028985,21.144104332830352,82.66666666666667,25.0,47.599999999999994,2868.0,0.0,0.0,2.0,2.0,1488.0,37.54100499257069
21.0,Hanna City,1,334300.0,334300.0,,33.18725099601594,22.380901056262125,54.333333333333336,25.0,81.21000000000001,1950.0,0.0,0.0,4.0,3.0,3094.0,37.44723756238209
22.0,Golden,1,1450400.0,1450400.0,,16.032,22.681342961845225,48.0,25.0,88.005,1727.0,0.0,0.0,6.0,4.0,3851.0,37.24341176292305
23.0,Scottsdale,1,2200000.0,2200000.0,,0.0,23.66350506574693,42.666666666666664,25.0,91.175,998.0,0.0,0.0,5.0,6.0,4585.0,37.08488534336134
24.0,Murfreesboro,1,654000.0,654000.0,,0.0,23.870985126104763,51.333333333333336,25.0,78.26,844.0,0.0,0.0,3.0,3.0,2854.0,36.98315909705054
25.0,Oshkosh,1,451300.0,451300.0,,52.983050847457626,22.312190127182582,49.0,25.0,85.99000000000001,2001.0,0.0,0.0,4.0,3.0,3200.0,36.82504619827667
26.0,Beaumont,2,669200.0,669200.0,,79.70822281167109,20.32563591291227,48.16666666666667,25.0,92.9,3475.5,0.0,0.0,5.0,4.5,4363.0,36.54292406729802
27.0,Stamford,1,1154000.0,1154000.0,,0.0,24.417978012502694,54.666666666666664,25.0,69.665,438.0,0.0,0.0,3.0,3.0,4235.0,36.46936072431423
28.0,Utica,1,170900.0,170900.0,,583.6,20.106704031041172,74.0,25.0,54.709999999999994,3638.0,0.0,0.0,7.0,2.0,2610.0,36.461599078873874
29.0,Gastonia,1,239990.0,239990.0,,0.0,24.87200905367536,56.666666666666664,25.0,62.41,101.0,0.0,0.0,3.0,2.0,1200.0,35.76047222082707
30.0,Palmetto,1,1070000.0,1070000.0,,-1.3740348251048247,24.93802543651649,42.333333333333336,25.0,81.16,52.0,0.0,0.0,4.0,4.0,2382.0,35.64873321968241
31.0,Marietta,1,750000.0,750000.0,,0.0,24.21049795214486,38.333333333333336,25.0,88.765,592.0,0.0,0.0,5.0,4.0,4453.0,35.54634706245805
32.0,Tigard,1,736200.0,736200.0,,30.323951141795007,21.583315369691743,50.0,25.0,82.15,2542.0,0.0,0.0,4.0,3.0,2832.0,35.54442482024169
33.0,Caryville,1,469400.0,469400.0,,444.231884057971,20.804591506790256,50.0,25.0,81.95,3120.0,0.0,0.0,5.0,3.0,3192.0,35.53735564888251
34.0,Woodbury,1,518380.0,518380.0,,0.0,24.264388876913127,39.333333333333336,25.0,87.01500000000001,552.0,0.0,0.0,5.0,3.0,2505.0,35.4975497734997
35.0,Madison,4,397475.0,383000.0,,33.30446080554353,22.250552381978874,55.91666666666667,25.0,71.215,2046.75,0.0,0.0,4.0,2.75,2627.5,35.423871799673876
36.0,Arnold,1,172200.0,172200.0,,14.799999999999999,23.291657684845873,62.0,25.0,59.16,1274.0,0.0,0.0,2.0,2.0,1500.0,35.37487537650532
37.0,Fontana,1,815100.0,815100.0,,57.507246376811594,20.727796938995475,49.333333333333336,25.0,84.895,3177.0,0.0,0.0,4.0,3.5,3429.0,35.29253145189772
38.0,Hamburg,1,603933.0,603933.0,,0.0,24.18489976287993,49.333333333333336,25.0,71.68,611.0,0.0,0.0,5.0,4.0,4336.0,34.99624494467658
39.0,Wyomissing,1,437500.0,437500.0,,0.0,24.858536322483292,47.333333333333336,25.0,71.52000000000001,111.0,0.0,0.0,3.0,3.0,2906.0,34.88577537159034
40.0,Louisville,1,503000.0,503000.0,,20.479041916167663,23.360368613925417,42.0,25.0,83.7,1223.0,0.0,0.0,4.0,4.0,3840.0,34.81687598315631
41.0,Baltimore,3,225577.66666666666,258000.0,,36.418225674161874,20.9667133721348,74.83333333333333,25.0,47.65,2999.6666666666665,0.0,0.0,3.3333333333333335,2.3333333333333335,1926.0,34.81559673606075
42.0,Knoxville,1,246000.0,246000.0,,0.0,24.928594524682044,55.0,25.0,60.29,59.0,0.0,0.0,4.0,2.0,1176.0,34.74406661342725
43.0,Wynnewood,1,1227500.0,1227500.0,,129.4392523364486,19.52333477042466,61.666666666666664,25.0,68.75,4071.0,0.0,0.0,4.0,3.5,3300.0,34.50685393953423
44.0,Yorba Linda,1,1150000.0,1150000.0,,0.0,23.753772364733777,50.0,25.0,69.77,931.0,0.0,0.0,4.0,3.0,1906.0,34.37486772666311
45.0,Manteca,1,774200.0,774200.0,,25.376518218623485,22.250215563699072,44.666666666666664,25.0,82.02,2047.0,0.0,0.0,4.0,4.0,2704.0,34.326835307182975
46.0,McHenry,1,464200.0,464200.0,,7.953488372093023,23.42503772364734,47.666666666666664,25.0,73.655,1175.0,0.0,0.0,4.0,4.0,2331.0,34.2770283017102
47.0,Louisa,1,335000.0,335000.0,,46.4154439884441,22.807986635050657,44.666666666666664,25.0,79.19500000000001,1633.0,0.0,0.0,5.0,2.5,1924.0,34.16329597360926
48.0,Escondido,1,1999300.0,1999300.0,,35.54576271186441,22.635535675792198,35.666666666666664,25.0,92.075,1761.0,0.0,0.0,5.0,6.0,3765.0,34.158156564400606
49.0,Ravenswood,1,298900.0,298900.0,,14.961538461538462,23.291657684845873,50.0,25.0,70.22500000000001,1274.0,0.0,0.0,4.0,2.5,2330.0,34.108028722208076
50.0,Waukee,1,494300.0,494300.0,,32.5201072386059,19.710605733994395,51.0,25.0,81.42000000000002,3932.0,0.0,0.0,5.0,3.0,1836.0,34.06481123143432
51.0,Cambridge,1,260000.0,260000.0,,0.0,24.552705324423368,69.33333333333333,25.0,39.38,338.0,0.0,0.0,3.0,2.0,1544.0,34.057129673560404
52.0,Palmer Lake,1,1085800.0,1085800.0,,38.05800775861082,21.855464539771503,47.0,25.0,78.75,2340.0,0.0,0.0,4.0,3.25,2100.0,33.9783606958635
53.0,Blackshear,1,435000.0,435000.0,,0.0,24.038046992886397,42.0,25.0,77.85,720.0,0.0,0.0,4.0,4.0,2920.0,33.949572496889644
54.0,Conway,1,791700.0,791700.0,,1072.888888888889,16.072968312136236,61.666666666666664,25.0,72.08,6632.0,0.0,0.0,3.0,3.0,2268.0,33.94858742151504
55.0,Laguna Beach,1,3054000.0,3054000.0,,22.16,21.35832075878422,61.333333333333336,25.0,60.974999999999994,2709.0,0.0,0.0,3.0,2.0,1463.0,33.920652556767266
56.0,Northford,1,852600.0,852600.0,,19.649219810183517,23.206779478335847,40.333333333333336,25.0,82.6,1337.0,0.0,0.0,4.0,5.5,2720.0,33.86364485698908
57.0,West Haven,1,310000.0,310000.0,,0.0,23.710659624919163,67.66666666666667,25.0,43.385,963.0,0.0,0.0,3.0,2.0,1145.0,33.74623460827728
58.0,Eugene,1,429100.0,429100.0,,10.025641025641026,23.328034059064453,67.33333333333333,25.0,45.114999999999995,1247.0,0.0,0.0,3.0,2.0,1391.0,33.74048628100522
59.0,Aroda,1,330000.0,330000.0,,0.0,24.04613063160164,50.0,25.0,65.64,714.0,0.0,0.0,4.0,3.0,1680.0,33.62524905529417
60.0,Saint Augustine,1,457200.0,457200.0,,14.390654593765559,23.023550334123733,44.0,25.0,76.49000000000001,1473.0,0.0,0.0,4.0,2.5,2333.0,33.417527503750485
61.0,Edmond,1,237200.0,237200.0,,79.01886792452831,17.73685061435654,71.0,25.0,58.285,5397.0,0.0,0.0,3.0,2.0,1525.0,33.39167009990507
62.0,Royersford,1,955200.0,955200.0,,50.425196850393704,22.240784651864626,40.0,25.0,84.325,2054.0,0.0,0.0,4.0,3.5,3965.0,33.38330292557403
63.0,Duluth,1,325600.0,325600.0,,75.05376344086021,21.936300926923906,62.666666666666664,25.0,54.459999999999994,2280.0,0.0,0.0,4.0,2.0,1810.0,33.372359967862
64.0,Marysville,2,173000.0,173000.0,,0.0,24.343877990946325,54.66666666666667,25.0,56.949999999999996,493.0,0.0,0.0,2.5,2.5,1257.0,33.31058529629843
65.0,Hoboken,1,35000.0,35000.0,,-94.85294117647058,19.849374865272686,81.5,25.0,37.364999999999995,3829.0,0.0,0.0,1.0,1.0,707.0,33.30778110303841
66.0,Cookeville,1,437600.0,437600.0,,109.37799043062202,19.788747574908385,50.0,25.0,78.5,3874.0,0.0,0.0,4.0,4.0,2900.0,33.22657538041463
67.0,Wake Forest,1,372500.0,372500.0,,24.166666666666668,22.281202845440827,42.333333333333336,25.0,80.36500000000001,2024.0,0.0,0.0,4.0,3.0,2375.0,33.17913109886881
68.0,Rocklin,1,1128100.0,1128100.0,,30.946024376088214,22.43209743479198,38.0,25.0,85.405,1912.0,0.0,0.0,4.0,4.0,3381.0,33.11930287327969
69.0,Minneapolis,1,578900.0,578900.0,,41.19512195121951,14.613871524035353,76.0,25.0,61.355000000000004,7715.0,0.0,0.0,4.0,3.0,2773.0,32.99475563377711
70.0,Chatham,1,330200.0,330200.0,,34.775510204081634,22.344524682043545,43.666666666666664,25.0,77.42500000000001,1977.0,0.0,0.0,4.0,3.0,2087.0,32.97748984152021
71.0,Champaign,1,241500.0,241500.0,,40.406976744186046,21.92552274197025,70.33333333333333,25.0,42.714999999999996,2288.0,0.0,0.0,3.0,2.0,1511.0,32.97430331426335
72.0,Redford,1,194700.0,194700.0,,12.54335260115607,22.39033196809657,64.33333333333333,25.0,49.36,1943.0,0.0,0.0,4.0,2.0,1290.0,32.96886553243677
73.0,Hillsboro,1,252700.0,252700.0,,107.1311475409836,19.302381978874756,66.0,25.0,57.24,4235.0,0.0,0.0,3.0,3.0,1750.0,32.904006729882866
74.0,Roundhill,1,180000.0,180000.0,,0.0,24.22935977581375,50.0,25.0,61.919999999999995,578.0,0.0,0.0,3.0,2.0,1152.0,32.8800768556884
75.0,Clio,1,238100.0,238100.0,,25.978835978835978,23.352284975210175,49.0,25.0,65.905,1229.0,0.0,0.0,3.0,3.0,1283.0,32.79900300101414
76.0,Portland,5,316820.0,411300.0,,26.687174436990535,21.613763742185817,80.26666666666667,25.0,29.595,2519.4,0.0,0.0,1.6666666666666667,1.3,1130.2,32.763186197589235
77.0,Haddonfield,1,1337100.0,1337100.0,,72.52903225806452,14.900840698426384,58.0,25.0,83.5,7502.0,0.0,0.0,5.0,4.0,3300.0,32.749288655590505
78.0,Redfield,1,385000.0,385000.0,,79.06976744186046,21.19799525759862,57.666666666666664,25.0,61.089999999999996,2828.0,0.0,0.0,3.0,2.0,2136.0,32.69793885484986
79.0,Fowlerville,1,109000.0,109000.0,,0.0,23.554375943091184,71.0,25.0,35.099999999999994,1079.0,0.0,0.0,4.0,1.0,1354.0,32.69357157212495
80.0,North Charleston,1,678900.0,678900.0,,58.48929747850507,20.395020478551412,41.666666666666664,25.0,85.56,3424.0,0.0,0.0,4.0,3.5,3612.0,32.635600659611924
81.0,Naples,1,11500.0,11500.0,,-98.61278648974668,24.990569088165554,47.666666666666664,25.0,62.029999999999994,13.0,0.0,0.0,3.0,2.0,1924.0,32.62984361517459
82.0,Sierra Vista,1,591400.0,591400.0,,39.15294117647059,21.377182582453116,49.0,25.0,72.12,2695.0,0.0,0.0,3.0,3.0,2926.0,32.609109340275495
83.0,Spanish Fort,1,488500.0,488500.0,,43.6764705882353,21.90531364518215,44.0,25.0,76.92,2303.0,0.0,0.0,4.0,3.0,3886.0,32.59647369910003
84.0,Solon,1,249500.0,249500.0,,111.44067796610169,20.796507868075018,64.66666666666667,25.0,52.325,3126.0,0.0,0.0,3.0,2.5,1200.0,32.58064190254414
85.0,Winter Springs,1,369300.0,369300.0,,107.47191011235955,20.417924121577926,62.666666666666664,25.0,56.23,3407.0,0.0,0.0,4.0,2.0,1464.0,32.533326953034496
86.0,Peekskill,1,851300.0,851300.0,,45.54624722174731,20.8733024358698,46.333333333333336,25.0,77.13,3069.0,0.0,0.0,3.0,4.0,3576.0,32.51932776518218
87.0,New Castle,1,86000.0,86000.0,,0.0,23.837303298124596,72.66666666666667,25.0,31.029999999999998,869.0,0.0,0.0,3.0,1.0,1340.0,32.500269653064336
88.0,Destin,1,1033500.0,1033500.0,,21.58823529411765,21.801573615003235,59.666666666666664,25.0,55.805,2380.0,0.0,0.0,3.0,2.5,1596.0,32.498814236149386
89.0,Kingston,1,1277500.0,1277500.0,,67.8712220762155,20.680642379823237,39.666666666666664,25.0,86.44,3212.0,0.0,0.0,4.0,3.0,4640.0,32.45564012324573
90.0,Hilliard,2,257000.0,257000.0,,26.446644664466447,22.481272903643024,64.0,25.0,47.1275,1875.5,0.0,0.0,2.0,1.75,1160.0,32.41930203951387
91.0,Las Vegas,3,676966.6666666666,580600.0,,190.0080611919468,20.83063878709492,53.666666666666664,25.0,65.88333333333334,3100.6666666666665,0.0,0.0,4.0,2.6666666666666665,2505.3333333333335,32.41703406396279
92.0,Hornell,1,295100.0,295100.0,,34.13636363636364,22.084500970036647,69.33333333333333,25.0,41.2,2170.0,0.0,0.0,5.0,0.0,3240.0,32.40360238166853
93.0,Aurora,1,940800.0,940800.0,,47.0,15.763095494718689,55.333333333333336,25.0,82.78,6862.0,0.0,0.0,4.0,4.0,3856.0,32.40280326883151
94.0,Waukegan,1,211700.0,211700.0,,263.26509600700103,20.59441690019401,51.666666666666664,25.0,68.66,3276.0,0.0,0.0,4.0,2.0,7311.0,32.354174085893675
95.0,Germantown,1,497100.0,497100.0,,42.028571428571425,21.453977150247898,54.333333333333336,25.0,63.49,2638.0,0.0,0.0,3.0,3.0,1500.0,32.34104392867872
96.0,Stateline,1,2077400.0,2077400.0,,176.98666666666668,21.366404397499462,41.666666666666664,25.0,79.765,2703.0,0.0,0.0,5.0,5.0,3503.0,32.28058365283897
97.0,Panama City Beach,1,455000.0,455000.0,,0.0,24.081159732701014,63.666666666666664,25.0,41.434999999999995,688.0,0.0,0.0,2.0,2.0,1205.0,32.275459602677415
98.0,Round Lake Beach,1,251700.0,251700.0,,74.79166666666667,20.252209527915497,62.333333333333336,25.0,56.41,3530.0,0.0,0.0,4.0,2.0,1650.0,32.26539833210371
99.0,Ruckersville,1,689500.0,689500.0,,35.19607843137255,22.47790472084501,37.666666666666664,25.0,81.93,1878.0,0.0,0.0,4.0,3.0,2838.0,32.2111337634971
100.0,Jupiter,2,210900.0,210900.0,,116.3076923076923,21.215509808148305,74.66666666666667,25.0,35.62,2815.0,0.0,0.0,2.0,1.0,1008.0,32.18987371601234
101.0,Henderson,3,418100.0,377500.0,,47.982716049382724,21.662355392685203,53.333333333333336,25.0,63.36166666666667,2483.3333333333335,0.0,0.0,3.0,2.3333333333333335,1885.0,32.17224090912269
102.0,Clearwater,2,423950.0,423950.0,,224.625,20.917088812244018,63.333333333333336,25.0,51.19499999999999,3036.5,0.0,0.0,3.5,2.0,1732.0,32.16840957602862
103.0,Morton Grove,1,160000.0,160000.0,,49.532710280373834,24.960929079543003,68.66666666666667,25.0,30.33,35.0,0.0,0.0,1.0,1.0,800.0,32.07788826635444
104.0,Woodbridge,1,704900.0,704900.0,,46.85416666666667,21.28152619098944,43.666666666666664,25.0,77.05,2766.0,0.0,0.0,4.0,3.0,2612.0,31.978791063165772
105.0,Milwaukee,2,304600.0,304600.0,,38.35304822565969,19.424310196162967,70.25,25.0,47.459999999999994,4144.5,0.0,0.0,5.0,2.0,2160.0,31.913100637103227
106.0,Athens,1,297600.0,297600.0,,101.77639161977083,21.937648200043114,44.333333333333336,25.0,72.99000000000001,2279.0,0.0,0.0,3.0,3.0,2000.0,31.87970596304411
107.0,Jefferson City,1,776700.0,776700.0,,81.04895104895104,17.773226988575125,50.0,25.0,78.925,5370.0,0.0,0.0,4.0,4.0,3435.0,31.520070685020762
108.0,Immokalee,1,446000.0,446000.0,,8.881402275279529,16.188833800388018,55.333333333333336,25.0,77.86500000000001,6546.0,0.0,0.0,4.0,3.0,2475.0,31.512195160039134
109.0,Paso Robles,1,832500.0,832500.0,,46.05263157894737,21.14006251347273,46.333333333333336,25.0,71.67,2871.0,0.0,0.0,3.0,3.0,2386.0,31.424592249721428
110.0,Parrish,1,455000.0,455000.0,,0.0,23.72952144858806,46.666666666666664,25.0,62.019999999999996,949.0,0.0,0.0,3.0,2.0,1772.0,31.367902445848117
111.0,Enumclaw,1,634200.0,634200.0,,104.58064516129033,19.982754904074156,48.666666666666664,25.0,71.99000000000001,3730.0,0.0,0.0,4.0,3.0,2100.0,31.363573760036694
112.0,West Melbourne,1,354100.0,354100.0,,87.35449735449735,19.977365811597327,53.0,25.0,66.1,3734.0,0.0,0.0,3.0,2.0,1888.0,31.325442841997578
113.0,Waxhaw,1,449900.0,449900.0,,138.04232804232802,19.109721922828196,47.666666666666664,25.0,75.69500000000001,4378.0,0.0,0.0,4.0,3.0,2291.0,31.23094463727145
114.0,Irmo,1,303800.0,303800.0,,126.8857356235997,19.94368398361716,50.0,25.0,69.325,3759.0,0.0,0.0,4.0,2.5,2300.0,31.15980904853288
115.0,Georgetown,2,346600.0,346600.0,,9.632942912478097,19.87025759862039,43.0,25.0,79.915,3813.5,0.0,0.0,3.0,3.0,1982.5,31.15834753631505
116.0,Supply,1,179000.0,179000.0,,0.0,24.311543436085362,45.666666666666664,25.0,59.989999999999995,517.0,0.0,0.0,3.0,2.0,1216.0,31.052338475707913
117.0,Fairfax,2,673400.0,673400.0,,39.20790872607316,17.582587842207374,64.16666666666667,25.0,58.349999999999994,5511.5,0.0,0.0,3.5,2.0,1613.0,30.948504223536396
118.0,Green Lane,1,790000.0,790000.0,,0.0,24.894912696701876,40.0,25.0,65.055,84.0,0.0,0.0,4.0,4.0,4011.0,30.924567054651476
119.0,Gary,1,44900.0,44900.0,,2133.830845771144,21.809657253718473,64.33333333333333,25.0,27.689999999999998,2374.0,0.0,0.0,2.0,1.0,672.0,30.887750440147315
120.0,Puyallup,1,501500.0,501500.0,,87.1268656716418,19.98949126967019,50.0,25.0,67.86,3725.0,0.0,0.0,3.0,3.0,1774.0,30.773995694853845
121.0,Homestead,1,398500.0,398500.0,,87.08920187793427,19.628422073722785,52.0,25.0,66.295,3993.0,0.0,0.0,3.0,2.5,1644.0,30.73766255084201
122.0,Edwardsville,1,471300.0,471300.0,,1785.2,11.81289070920457,51.0,25.0,83.25,9794.0,0.0,0.0,4.0,4.0,4000.0,30.668045867845578
123.0,Plantation,1,770600.0,770600.0,,63.957446808510646,20.994557016598407,51.666666666666664,25.0,61.69,2979.0,0.0,0.0,4.0,2.0,2306.0,30.66005343750058
124.0,Greenville,1,299400.0,299400.0,,0.0,23.566501401164043,42.333333333333336,25.0,65.52,1070.0,0.0,0.0,3.0,2.0,1972.0,30.647311597195582
125.0,Santa Cruz,1,1454600.0,1454600.0,,125.8695652173913,18.492670834231514,69.0,25.0,46.66,4836.0,0.0,0.0,4.0,2.0,2000.0,30.64481073283107
126.0,Hudson,1,487900.0,487900.0,,95.94377510040161,19.689049364087087,47.0,25.0,72.375,3948.0,0.0,0.0,4.0,2.5,2310.0,30.635696817634823
127.0,Kailua,1,1915100.0,1915100.0,,273.9699277484866,12.904181935762017,65.5,25.0,70.185,8984.0,0.0,0.0,3.0,2.5,3072.0,30.591268779360853
128.0,Hilo,1,1042000.0,1042000.0,,1057.7777777777778,13.068549256305237,60.0,25.0,71.435,8862.0,0.0,0.0,3.0,3.0,2289.0,30.591021240871562
129.0,Dunnellon,1,243000.0,243000.0,,0.0,24.537885320112093,41.333333333333336,25.0,63.154999999999994,349.0,0.0,0.0,3.0,2.0,1399.0,30.590329947813444
130.0,Nicholasville,1,231800.0,231800.0,,62.0979020979021,22.12357189049364,53.666666666666664,25.0,54.335,2141.0,0.0,0.0,3.0,1.0,1201.0,30.513174703885582
131.0,Lombard,1,294700.0,294700.0,,16.023622047244093,23.29569950420349,68.33333333333333,25.0,30.314999999999998,1271.0,0.0,0.0,2.0,1.0,1247.0,30.451263434595205
132.0,Nehalem,1,320000.0,320000.0,,0.0,24.96227635266221,46.333333333333336,25.0,54.11,34.0,0.0,0.0,2.0,2.0,1040.0,30.409892824282025
133.0,Vancouver,1,471500.0,471500.0,,165.4932035992207,14.399655098081483,65.0,25.0,65.525,7874.0,0.0,0.0,3.0,2.5,2040.0,30.409425062942745
134.0,Salinas,1,639700.0,639700.0,,81.99146514935988,20.447564130200476,58.333333333333336,25.0,53.309999999999995,3385.0,0.0,0.0,3.0,2.0,1180.0,30.374352917070944
135.0,Pinetop,1,696500.0,696500.0,,109.15915915915917,15.396637206294459,53.0,25.0,78.34,7134.0,0.0,0.0,6.0,3.0,3420.0,30.34074645112922
136.0,Sanibel,1,910400.0,910400.0,,50.47933884297521,21.637206294460015,47.666666666666664,25.0,63.540000000000006,2502.0,0.0,0.0,2.0,3.0,2260.0,30.32817859822348
137.0,Medford,1,493400.0,493400.0,,83.42007434944237,21.681666307393833,53.0,25.0,55.9,2469.0,0.0,0.0,4.0,2.0,1548.0,30.325204266104336
138.0,Thousand Oaks,2,1394358.0,1394358.0,,26.963562753036435,22.525059280017246,43.0,25.0,66.775,1843.0,0.0,0.0,3.5,2.5,2515.0,30.310022806822857
139.0,Cerritos,1,999400.0,999400.0,,56.15625,14.908924337141626,72.33333333333333,25.0,53.92999999999999,7496.0,0.0,0.0,4.0,2.0,1404.0,30.261880925716397
140.0,Evansville,2,504900.0,504900.0,,34.63595839524517,19.52939749946109,47.66666666666667,25.0,70.8175,4066.5,0.0,0.0,3.5,3.0,2872.5,30.230312900519593
141.0,Tacoma,1,415300.0,415300.0,,281.0091743119266,18.442821728820867,60.333333333333336,25.0,55.73,4873.0,0.0,0.0,4.0,2.0,1564.0,30.21913061040066
142.0,Justice,1,348200.0,348200.0,,33.92307692307692,21.304429834015952,59.333333333333336,25.0,48.455000000000005,2749.0,0.0,0.0,3.0,1.5,1142.0,30.187548672864665
143.0,Fuquay Varina,1,389600.0,389600.0,,-1.3670886075949367,23.493748652726882,43.0,25.0,62.67999999999999,1124.0,0.0,0.0,3.0,2.0,1604.0,30.110279367955094
144.0,Piqua,1,153700.0,153700.0,,67.06521739130434,22.62206294460013,63.333333333333336,25.0,37.69,1771.0,0.0,0.0,3.0,1.0,972.0,30.096623244828905
145.0,Hillsborough,1,403400.0,403400.0,,41.54385964912281,19.678271179133432,50.0,25.0,66.4,3956.0,0.0,0.0,3.0,3.0,1582.0,30.067385427669727
146.0,Shelburne,1,1417000.0,1417000.0,,-22.356164383561644,22.891517568441476,38.666666666666664,25.0,70.59,1571.0,0.0,0.0,3.0,4.0,3618.0,30.042566565661687
147.0,Huntsville,1,408800.0,408800.0,,20.235294117647058,22.360691959474025,48.333333333333336,25.0,59.0,1965.0,0.0,0.0,3.0,3.0,2102.0,30.022613348538258
148.0,Dayton,2,250450.0,250450.0,,10.476190476190476,24.071728820866568,48.66666666666667,25.0,52.4525,695.0,0.0,0.0,3.0,2.5,1250.5,30.016886496305773
149.0,North Barrington,1,809100.0,809100.0,,41.94736842105263,17.96049795214486,50.0,25.0,72.0,5231.0,0.0,0.0,3.0,3.5,3000.0,29.93034078330232
150.0,Sharon Hill,1,221200.0,221200.0,,194.93333333333334,19.275436516490622,71.66666666666667,25.0,36.769999999999996,4255.0,0.0,0.0,3.0,1.0,1188.0,29.92228853185624
151.0,Bracey,1,276200.0,276200.0,,360.33333333333337,22.93328303513688,36.333333333333336,25.0,70.36,1540.0,0.0,0.0,3.0,3.0,1274.0,29.92050352630367
152.0,Phoenix,8,421906.25,329150.0,1.8026565464895636,2655.757648125548,17.271199342530718,55.791666666666664,25.0,47.77166666666667,3911.285714285714,0.0,0.0,2.5714285714285716,1.79125,1476.142857142857,29.901787961619817
153.0,Tenino,1,742300.0,742300.0,,115.15942028985506,20.21852769993533,44.0,25.0,71.345,3555.0,0.0,0.0,3.0,3.0,2021.0,29.89114001342071
154.0,Worthington,1,220000.0,220000.0,,0.0,24.554052597542572,50.333333333333336,25.0,47.824999999999996,337.0,0.0,0.0,3.0,2.0,1733.0,29.843823474120555
155.0,Morristown,2,757350.0,757350.0,,-5.505434782608699,18.634808148307826,36.166666666666664,25.0,88.11,4730.5,0.0,0.0,5.0,6.0,4572.0,29.792152783680763
156.0,Palmdale,1,524300.0,524300.0,,162.15,17.90391248113818,60.0,25.0,57.199999999999996,5273.0,0.0,0.0,3.0,2.0,1958.0,29.78884534242099
157.0,Brownton,1,268000.0,268000.0,,0.0,24.946109075231732,51.0,25.0,45.035,46.0,0.0,0.0,3.0,2.0,1925.0,29.727344824587206
158.0,Waretown,1,250000.0,250000.0,,0.0,24.603901702953223,47.0,25.0,51.595,300.0,0.0,0.0,4.0,2.0,1637.0,29.704843987545956
159.0,Danville,1,228300.0,228300.0,,123.82352941176471,16.976988575123947,62.0,25.0,57.394999999999996,5961.0,0.0,0.0,4.0,2.0,1947.0,29.619753517047116
160.0,Orange,1,1252500.0,1252500.0,,150.5,18.620661780556155,52.0,25.0,64.78,4741.0,0.0,0.0,3.0,2.0,1624.0,29.59932373709446
161.0,Fort Collins,1,613200.0,613200.0,,102.37623762376238,14.902187971545592,51.666666666666664,25.0,78.66,7501.0,0.0,0.0,5.0,3.5,2032.0,29.53493030833505
162.0,San Jose,2,1419950.0,1419950.0,,182.77777777777777,17.383191420564778,63.16666666666667,25.0,53.4775,5659.5,0.0,0.0,3.0,2.25,1622.0,29.50906176403757
163.0,Middlesex,1,629300.0,629300.0,,74.80555555555556,20.26837680534598,50.0,25.0,61.665,3518.0,0.0,0.0,4.0,3.0,1785.0,29.48862789426927
164.0,Albany,4,211275.0,259050.0,,35.9086842910368,19.96018807932744,62.583333333333336,25.0,45.945,3746.75,0.0,0.0,4.25,1.25,2444.0,29.47847066510053
165.0,Sunrise Manor,1,310300.0,310300.0,,675.75,16.68058848889847,60.666666666666664,25.0,55.54,6181.0,0.0,0.0,4.0,2.0,1576.0,29.431982760341505
166.0,Buffalo,2,124350.0,124350.0,,773.7902691968226,17.074665876266437,70.66666666666666,25.0,39.77499999999999,5888.5,0.0,0.0,3.5,1.5,1956.0,29.41066339818191
167.0,Pasadena,1,841300.0,841300.0,,104.69586374695862,13.75565854710067,71.66666666666667,25.0,54.905,8352.0,0.0,0.0,2.0,3.0,1583.0,29.356443740584808
168.0,Binghamton,1,118600.0,118600.0,,171.0857142857143,17.812297909032118,71.33333333333333,25.0,40.175000000000004,5341.0,0.0,0.0,4.0,1.5,1536.0,29.32125292363302
169.0,Amesbury,1,734100.0,734100.0,,22.35,23.039717611554213,42.333333333333336,25.0,61.795,1461.0,0.0,0.0,3.0,3.0,3411.0,29.319714387033898
170.0,Lowell,1,660100.0,660100.0,,156.84824902723736,13.368991161888339,65.0,25.0,64.565,8639.0,0.0,0.0,6.0,3.0,2915.0,29.26047765650126
171.0,Bowie,1,597800.0,597800.0,,99.93311036789298,18.50749083854279,46.333333333333336,25.0,71.755,4825.0,0.0,0.0,4.0,2.5,2436.0,29.239731627746863
172.0,Ishpeming,1,157900.0,157900.0,,0.0,23.857512394912696,59.666666666666664,25.0,35.15,854.0,0.0,0.0,3.0,1.0,1064.0,29.23083446688679
173.0,Port chester,1,251200.0,251200.0,,45.202312138728324,19.25253287346411,69.0,25.0,38.485,4272.0,0.0,0.0,3.0,2.0,1365.0,29.17857077309148
174.0,New York,6,10723750.0,1532500.0,,0.0,8.220836027879573,94.27777777777777,25.0,44.129999999999995,256.5,0.0,0.0,2.25,2.0,1027.0,29.178370119416158
175.0,Grayslake,1,465400.0,465400.0,,36.88235294117647,14.3026514334986,57.666666666666664,25.0,71.46000000000001,7946.0,0.0,0.0,4.0,2.5,2777.0,29.1248302375081
176.0,Sweetwater,1,299600.0,299600.0,,37.05397987191217,15.628368182798017,68.66666666666667,25.0,51.735,6962.0,0.0,0.0,3.0,2.0,1015.0,29.112963169621324
177.0,Woodland Hills,1,1293500.0,1293500.0,,52.17647058823529,21.1737443414529,43.333333333333336,25.0,66.01,2846.0,0.0,0.0,4.0,3.0,2304.0,29.097477871082596
178.0,Dunn,1,216600.0,216600.0,,67.90697674418604,22.217881008838113,41.666666666666664,25.0,64.07,2071.0,0.0,0.0,3.0,2.0,1782.0,29.014913596730366
179.0,Brownsburg,1,413500.0,413500.0,,0.0,23.686408708773442,47.0,25.0,51.989999999999995,981.0,0.0,0.0,3.0,2.0,1766.0,28.99954885013944
180.0,Visalia,1,347300.0,347300.0,,61.53488372093023,21.71669540849321,48.333333333333336,25.0,56.714999999999996,2443.0,0.0,0.0,3.0,2.0,1161.0,28.976086007627586
181.0,Shoemakersville,1,325000.0,325000.0,,0.0,24.90569088165553,36.0,25.0,62.41,76.0,0.0,0.0,3.0,2.0,1300.0,28.970460987223433
182.0,Pomona,1,323400.0,323400.0,,90.23529411764706,21.537508083638716,57.666666666666664,25.0,44.315,2576.0,0.0,0.0,2.0,2.0,1181.0,28.93196337202979
183.0,Miami,3,722866.6666666666,775000.0,,91.75609756097562,14.755335201552057,62.555555555555564,25.0,61.973333333333336,2134.0,0.0,0.0,4.0,2.6666666666666665,2302.0,28.920660624229455
184.0,Soddy Daisy,1,155000.0,155000.0,,0.0,23.574585039879285,50.0,25.0,47.699999999999996,1064.0,0.0,0.0,4.0,2.0,2208.0,28.847867743695424
185.0,Corvallis,1,675100.0,675100.0,,192.25108225108224,10.89539771502479,64.66666666666667,25.0,71.34,10475.0,0.0,0.0,6.0,3.0,2720.0,28.700203598254816
186.0,Hesperus,1,476700.0,476700.0,,21.452229299363058,23.077441258892,41.333333333333336,25.0,60.42999999999999,1433.0,0.0,0.0,3.0,2.0,1604.0,28.68897003408715
187.0,Haleiwa,1,2355900.0,2355900.0,,194.48749999999998,16.782981245958183,47.0,25.0,73.5,6105.0,0.0,0.0,4.0,4.0,2500.0,28.542900770139497
188.0,Philadelphia,5,344360.0,400100.0,,261.16269567660055,9.900032334554862,75.93333333333334,25.0,57.935,6315.0,0.0,0.0,4.0,2.0,1818.0,28.406678378291588
189.0,Alpena,1,471600.0,471600.0,,25.759999999999998,22.795861176977798,42.666666666666664,25.0,58.379999999999995,1642.0,0.0,0.0,3.0,2.0,1344.0,28.391646188292953
190.0,Cross Plains,1,596200.0,596200.0,,32.48888888888889,20.19023496443199,37.333333333333336,25.0,74.9,3576.0,0.0,0.0,4.0,3.5,3230.0,28.387512525042226
191.0,Palm Desert,1,377617.0,377617.0,,0.0,24.783089027807716,45.0,25.0,48.059999999999995,167.0,0.0,0.0,2.0,2.0,1330.0,28.341213967755728
192.0,Princeton,1,425200.0,425200.0,,83.5678298673321,20.32226773011425,45.333333333333336,25.0,62.9025,3478.0,0.0,0.0,3.0,2.25,1332.0,28.312240744167937
193.0,Richland,2,336850.0,336850.0,,57.83393501805054,21.99288639793059,52.0,25.0,47.91,2238.0,0.0,0.0,3.0,2.0,2350.0,28.27818273984203
194.0,Purgitsville,1,380000.0,380000.0,,0.0,24.019185169217504,50.0,25.0,43.73,734.0,0.0,0.0,2.0,1.0,680.0,28.27016382073292
195.0,Pittsburgh,1,1151200.0,1151200.0,,95.93559587432345,18.204354386721278,43.0,25.0,73.395,5050.0,0.0,0.0,4.0,3.5,3979.0,28.267143145854007
196.0,Huntington Beach,3,694066.6666666666,403700.0,,81.45945945945947,14.62105698067112,60.888888888888886,25.0,61.9225,2283.5,0.0,0.0,3.0,2.5,1819.5,28.22309113344764
197.0,West Palm Beach,1,553000.0,553000.0,,120.84223557836305,13.957749514981677,63.5,25.0,60.349999999999994,8202.0,0.0,0.0,3.0,2.0,1888.0,28.191327007802684
198.0,Winnabow,1,359000.0,359000.0,,75.29296875,20.18484587195516,41.666666666666664,25.0,67.795,3580.0,0.0,0.0,3.0,3.0,1561.0,28.158409886552747
199.0,Panama City,1,814700.0,814700.0,,139.61764705882354,18.623356326794568,42.0,25.0,72.105,4739.0,0.0,0.0,3.0,5.0,3021.0,28.06543027159597
200.0,East Hampton,1,107500.0,107500.0,,0.0,23.813052381978874,38.0,25.0,59.614999999999995,887.0,0.0,0.0,3.0,2.0,741.0,27.995874204128235
201.0,Torrance,3,1223166.6666666667,1230000.0,,99.94059139784946,18.345368973198248,60.111111111111114,25.0,48.43,4945.333333333333,0.0,0.0,3.3333333333333335,2.0,1504.0,27.96854892667438
202.0,Reno,1,460500.0,460500.0,,102.86343612334801,14.29726234102177,63.666666666666664,25.0,57.635000000000005,7950.0,0.0,0.0,3.0,2.5,1412.0,27.850863932278358
203.0,Norwalk,1,707300.0,707300.0,,58.943820224719104,20.998598835956024,63.333333333333336,25.0,34.239999999999995,2976.0,0.0,0.0,3.0,1.0,882.0,27.824875268941014
204.0,Fort Thomas,1,225000.0,225000.0,,0.0,24.532496227635267,55.333333333333336,25.0,32.58,353.0,0.0,0.0,3.0,1.0,1750.0,27.765159834673064
205.0,Jerome,1,371200.0,371200.0,,97.44680851063829,22.12761370985126,39.0,25.0,62.62,2138.0,0.0,0.0,3.0,2.0,1192.0,27.75481257258862
206.0,Elyria,1,175000.0,175000.0,,62.7906976744186,21.142757059711144,58.333333333333336,25.0,39.98,2869.0,0.0,0.0,3.0,1.0,1380.0,27.70440444981429
207.0,Apple Valley,2,493200.0,493200.0,,54.18155262418274,20.98916792412158,39.5,25.0,66.0675,2983.0,0.0,0.0,3.5,2.5,2223.5,27.688847610893703
208.0,Hialeah,1,268500.0,268500.0,,539.2857142857143,18.106003449019184,61.0,25.0,43.76,5123.0,0.0,0.0,2.0,2.0,1120.0,27.68254409468922
209.0,East Greenwich,1,471600.0,471600.0,,68.48874598070739,22.296022849752102,50.666666666666664,25.0,45.919999999999995,2013.0,0.0,0.0,3.0,2.0,1152.0,27.637340466733754
210.0,Hobe Sound,1,285000.0,285000.0,,34.43396226415094,22.581644751023926,49.0,25.0,47.099999999999994,1801.0,0.0,0.0,2.0,2.0,1338.0,27.564624538385978
211.0,Pottstown,2,264900.0,264900.0,,39.32132132132132,20.20168678594525,54.66666666666667,25.0,47.9125,3567.5,0.0,0.0,3.0,1.75,1617.0,27.56185308895555
212.0,Haverford,1,1523200.0,1523200.0,,125.65925925925924,19.516598404828628,34.0,25.0,77.74000000000001,4076.0,0.0,0.0,3.0,3.0,3300.0,27.55275287616682
213.0,Franklin,2,348350.0,348350.0,,15.440140845070422,20.257598620392326,47.5,25.0,57.464999999999996,3526.0,0.0,0.0,3.0,2.0,1986.0,27.5287346004051
214.0,Moapa,1,567200.0,567200.0,,252.29813664596273,17.340752317309764,39.0,25.0,77.44500000000001,5691.0,0.0,0.0,5.0,3.0,2591.0,27.451108722594952
215.0,Indianapolis,4,283675.0,212450.0,,20.10545198870584,17.33165822375512,60.25,25.0,50.16,1409.6666666666667,0.0,0.0,3.25,2.0,1845.25,27.410674034550652
216.0,Madison Heights,1,142700.0,142700.0,,820.6451612903227,18.899547316231946,69.33333333333333,25.0,26.33,4534.0,0.0,0.0,2.0,1.0,800.0,27.374722800691238
217.0,Sinking Spring,1,445700.0,445700.0,,88.35073721754785,14.457587842207372,47.0,25.0,77.69500000000001,7831.0,0.0,0.0,4.0,2.5,3474.0,27.347427938759957
218.0,McDonough,1,254700.0,254700.0,,239.6,18.26498167708558,50.0,25.0,58.834999999999994,5005.0,0.0,0.0,3.0,2.0,1485.0,27.33742892762568
219.0,Newton,1,280000.0,280000.0,,0.0,24.570219874973056,41.0,25.0,50.01,325.0,0.0,0.0,3.0,2.0,2520.0,27.309896803390288
220.0,Carlsbad,1,1556900.0,1556900.0,,98.3312101910828,19.55971114464324,39.666666666666664,25.0,68.98,4044.0,0.0,0.0,3.0,3.0,2598.0,27.280952623811295
221.0,Dunedin,1,586800.0,586800.0,,245.17647058823528,17.917385212330245,56.333333333333336,25.0,50.885,5263.0,0.0,0.0,3.0,2.0,1445.0,27.198818121074538
222.0,Barnegat,1,415100.0,415100.0,,107.54999999999998,19.404774735934467,52.333333333333336,25.0,51.94,4159.0,0.0,0.0,3.0,2.0,1056.0,27.194856604975932
223.0,Mountain View,2,1123500.0,1123500.0,,116.23000607296856,17.641867859452468,57.0,25.0,51.559999999999995,5467.5,0.0,0.0,3.0,2.0,1155.0,27.11752843625731
224.0,Rockaway,1,522400.0,522400.0,,77.08474576271186,24.748059926708343,44.0,25.0,43.919999999999995,193.0,0.0,0.0,3.0,2.0,1752.0,27.107647821577757
225.0,State College,1,385800.0,385800.0,,28.599999999999998,17.266652295753396,64.66666666666667,25.0,42.9,5746.0,0.0,0.0,3.0,1.0,1764.0,27.05944613718639
226.0,West Chester,3,408333.3333333333,284100.0,,83.33153043115412,20.254454983114176,51.0,25.0,50.01666666666667,3528.3333333333335,0.0,0.0,3.0,1.8333333333333333,1549.0,26.986818899078827
227.0,Alexandria,2,442850.0,442850.0,,-24.237028397292416,19.11443737874542,52.0,25.0,53.46,4374.5,0.0,0.0,3.0,1.0,1826.0,26.971316964910173
228.0,Abingdon,1,579800.0,579800.0,,65.65714285714286,13.406714809226127,50.0,25.0,75.705,8611.0,0.0,0.0,3.0,3.0,3593.0,26.89560803891725
229.0,Chicago,9,356334.44444444444,211800.0,,11.799479220971081,10.928181360925485,86.22222222222223,25.0,35.79,3961.6,0.0,0.0,1.7142857142857142,1.4285714285714286,8564.857142857143,26.87620925336623
230.0,Jacksonville,5,441062.0,455300.0,,226.53961002485917,16.944384565639147,52.333333333333336,25.0,58.515,5985.2,0.0,0.0,3.0,2.625,2041.5,26.853202643446462
231.0,Fort Lauderdale,1,139100.0,139100.0,,379.6551724137931,19.166307393834877,63.666666666666664,25.0,33.875,4336.0,0.0,0.0,2.0,1.0,759.0,26.804851066446588
232.0,Palm Beach,1,5193500.0,5193500.0,,136.0681818181818,22.203061004526838,46.0,25.0,48.525,2082.0,0.0,0.0,3.0,2.0,2023.0,26.768014825639792
233.0,Stockton,1,287000.0,287000.0,,65.89595375722543,21.149493425307178,65.0,25.0,27.014999999999997,2864.0,0.0,0.0,2.0,1.0,837.0,26.760635356480076
234.0,West Liberty,1,305600.0,305600.0,,69.77777777777779,18.28384350075447,50.0,25.0,57.559999999999995,4991.0,0.0,0.0,3.0,2.0,1680.0,26.74750043987316
235.0,Fort Gaines,1,68440.0,68440.0,,388.8571428571429,21.929564561327872,41.0,25.0,54.36,2285.0,0.0,0.0,3.0,2.0,1340.0,26.73996890395363
236.0,Green Cove Springs,1,149700.0,149700.0,,59.424920127795524,21.34619530071136,53.0,25.0,42.48,2718.0,0.0,0.0,3.0,2.0,964.0,26.72472785444781
237.0,Cornville,1,508000.0,508000.0,,81.42857142857143,21.447240784651864,40.333333333333336,25.0,59.04,2643.0,0.0,0.0,3.0,2.0,1726.0,26.70139633384572
238.0,Key West,1,600000.0,600000.0,,0.0,24.16873248544945,64.0,25.0,17.67,623.0,0.0,0.0,1.0,1.0,518.0,26.67900172212453
239.0,Sandwich,1,494600.0,494600.0,,160.31578947368422,19.119152834662643,44.666666666666664,25.0,60.44,4371.0,0.0,0.0,4.0,2.0,2256.0,26.575976372128743
240.0,Twisp,1,681200.0,681200.0,,62.1904761904762,21.77058633326148,50.0,25.0,43.73,2403.0,0.0,0.0,2.0,1.0,1780.0,26.414504417716792
241.0,Pataskala,1,401700.0,401700.0,,65.99173553719008,21.390655313645183,41.666666666666664,25.0,56.294999999999995,2685.0,0.0,0.0,3.0,2.0,1827.0,26.397049014108347
242.0,Lillington,1,151900.0,151900.0,,532.9166666666666,17.94028885535676,41.0,25.0,65.91,5246.0,0.0,0.0,3.0,3.0,1584.0,26.31718863386351
243.0,Amherst Junction,1,281900.0,281900.0,,31.790556334735857,21.309818926492778,43.666666666666664,25.0,53.559999999999995,2745.0,0.0,0.0,3.0,2.0,1480.0,26.26121149851963
244.0,Hurricane,1,386300.0,386300.0,,40.98540145985402,19.36300926923906,37.333333333333336,25.0,69.05799999999999,4190.0,0.0,0.0,4.0,2.1,2563.0,26.258178172750608
245.0,Grosse Ile,1,286300.0,286300.0,,112.07407407407408,19.387260185384783,46.666666666666664,25.0,55.15,4172.0,0.0,0.0,4.0,2.0,1448.0,26.098720079602245
246.0,Clinton,2,166000.0,166000.0,,34.014285714285705,16.174687432636343,48.16666666666667,25.0,64.925,6556.5,0.0,0.0,3.0,2.5,1920.0,26.030062453924536
247.0,San Marcos,2,1029900.0,1029900.0,,134.0068179867319,17.10902134080621,43.83333333333333,25.0,66.665,5863.0,0.0,0.0,3.5,2.5,1968.0,26.014088509381775
248.0,Greenwood,1,198600.0,198600.0,,113.54838709677419,18.67589997844363,50.0,25.0,52.769999999999996,4700.0,0.0,0.0,3.0,2.0,1322.0,26.00069299726431
249.0,Quilcene,1,382000.0,382000.0,,146.45161290322582,20.82749514981677,44.333333333333336,25.0,52.3,3103.0,0.0,0.0,2.0,2.0,1778.0,25.953238785780364
250.0,Hesperia,1,494100.0,494100.0,,190.64705882352942,18.314830782496227,40.333333333333336,25.0,65.80499999999999,4968.0,0.0,0.0,4.0,2.0,1979.0,25.80193975148946
251.0,Davie,1,900600.0,900600.0,,100.13333333333334,16.769508514766112,43.333333333333336,25.0,67.66,6115.0,0.0,0.0,4.0,2.0,2700.0,25.735594903035967
252.0,Honolulu,1,283900.0,283900.0,,17.314049586776857,20.665822375511965,66.66666666666667,25.0,22.235,3223.0,0.0,0.0,0.0,1.0,381.0,25.640232552067765
253.0,Mashpee,1,590700.0,590700.0,,67.76483953422323,21.269400732916576,40.0,25.0,55.724999999999994,2775.0,0.0,0.0,3.0,2.0,1913.0,25.605570165020286
254.0,Limestone,1,294800.0,294800.0,,106.87719298245615,20.25625134727312,50.0,25.0,45.489999999999995,3527.0,0.0,0.0,5.0,1.0,2432.0,25.59796321932635
255.0,Brookfield,1,333200.0,333200.0,,260.86772876436373,11.03955593877991,78.33333333333333,25.0,38.795,10368.0,0.0,0.0,3.0,2.0,1427.0,25.535950782016876
256.0,Palm Coast,2,291650.0,291650.0,,69.02810047095761,14.830782496227634,51.5,25.0,62.824999999999996,7554.0,0.0,0.0,3.0,2.0,1770.5,25.50614196256189
257.0,La Jolla,2,393500.0,393500.0,,89.63855421686748,8.14291873248545,81.5,25.0,45.86,6474.0,0.0,0.0,1.0,1.5,673.0,25.471288867686283
258.0,Townsend,1,572800.0,572800.0,,70.98507462686567,20.114787669756414,41.666666666666664,25.0,56.91,3632.0,0.0,0.0,3.0,2.0,1500.0,25.440962173577716
259.0,Liberty Lake,1,632000.0,632000.0,,124.99110003559986,14.219120500107781,51.0,25.0,64.905,8008.0,0.0,0.0,3.0,3.5,1231.0,25.41061607057091
260.0,Des Plaines,2,354950.0,354950.0,,79.20916986675601,14.2824423367105,66.33333333333334,25.0,44.067499999999995,7961.0,0.0,0.0,3.0,2.0,1056.5,25.37509918566574
261.0,Gainesville,2,648300.0,648300.0,,51.70239596469105,10.25274843716318,50.166666666666664,25.0,80.4425,3342.0,0.0,0.0,4.0,3.0,2890.5,25.324151102244215
262.0,Anacortes,1,3219700.0,3219700.0,,120.98146877144818,14.467018754041819,35.333333333333336,25.0,84.74000000000001,7824.0,0.0,0.0,4.0,3.0,4750.0,25.277210586892622
263.0,Middle Sackville,1,279600.0,279600.0,,-1.0265486725663717,18.542519939642165,43.0,25.0,60.504999999999995,4799.0,0.0,0.0,3.0,2.0,2119.0,25.25680113493968
264.0,Suffolk,1,472400.0,472400.0,,112.16299363600844,13.868829489114033,48.333333333333336,25.0,68.75,8268.0,0.0,0.0,4.0,2.0,2568.0,25.137982838971816
265.0,Tinton Falls,1,501000.0,501000.0,,100.4,17.328626859236905,53.0,25.0,49.415,5700.0,0.0,0.0,2.0,2.0,1401.0,24.974461237372054
266.0,Bradenton,1,311000.0,311000.0,,301.2903225806451,17.866188833800386,54.666666666666664,25.0,43.485,5301.0,0.0,0.0,3.0,2.0,1115.0,24.901294188636975
267.0,Cooper City,1,597700.0,597700.0,,240.56980056980058,16.593015736150033,48.333333333333336,25.0,56.79,6246.0,0.0,0.0,4.0,2.0,1776.0,24.83110586292811
268.0,Santa Rosa Beach,2,712650.0,712650.0,,221.92864800476474,14.31073507221384,57.5,25.0,52.685,7940.0,0.0,0.0,2.0,2.5,1372.0,24.83090939503238
269.0,Remer,1,180000.0,180000.0,,0.0,24.586387152403535,43.333333333333336,25.0,36.56,313.0,0.0,0.0,2.0,1.0,1696.0,24.821050226413426
270.0,Akron,1,111000.0,111000.0,,85.30884808013356,21.505173528777753,54.0,25.0,31.86,2600.0,0.0,0.0,2.0,2.0,1040.0,24.65444713937419
271.0,Blythewood,1,219700.0,219700.0,,70.40783084870391,17.673528777753827,40.333333333333336,25.0,64.03,5444.0,0.0,0.0,3.0,2.5,1391.0,24.600166652784296
272.0,Laguna Hills,1,2636200.0,2636200.0,,362.89727831431077,9.30696270748006,50.0,25.0,78.53,11654.0,0.0,0.0,4.0,4.5,3506.0,24.52032575082504
273.0,Romeoville,2,325200.0,325200.0,,62.437562437562434,14.18880685492563,56.5,25.0,54.292500000000004,8030.5,0.0,0.0,3.5,1.75,1668.0,24.50747044776943
274.0,Ashland,2,511850.0,511850.0,,0.0,12.062136236257814,40.33333333333333,25.0,84.21000000000001,656.0,0.0,0.0,4.0,3.0,2844.0,24.48650584025955
275.0,Gulf Shores,1,374800.0,374800.0,,8.63768115942029,23.154235826686786,47.666666666666664,25.0,34.28,1376.0,0.0,0.0,1.0,1.0,590.0,24.460223181564892
276.0,Seattle,4,1261125.0,731650.0,,170.36511478318732,7.814184091399008,74.83333333333333,25.0,51.31916666666667,6962.0,0.0,0.0,3.0,1.9375,1588.75,24.453530622619873
277.0,Monroe,2,364250.0,364250.0,,0.0,12.43802543651649,47.0,25.0,73.5,98.0,0.0,0.0,4.0,3.5,2000.0,24.40849861696864
278.0,Falls Church,1,258000.0,258000.0,,116.80672268907564,17.917385212330245,57.666666666666664,25.0,38.349999999999994,5263.0,0.0,0.0,3.0,1.0,954.0,24.364672370008833
279.0,Columbus,1,302200.0,302200.0,,20.44639298525309,14.794406122009054,52.0,25.0,57.42,7581.0,0.0,0.0,3.0,3.0,486.0,24.239388933237954
280.0,Estero,1,113100.0,113100.0,,169.28571428571428,20.882733347704246,50.0,25.0,36.08,3062.0,0.0,0.0,2.0,1.0,650.0,23.964199987129067
281.0,Poughkeepsie,1,354200.0,354200.0,,5.731343283582089,18.530394481569303,71.0,25.0,17.21,4808.0,0.0,0.0,1.0,1.0,776.0,23.961879753090187
282.0,Hampton,2,259150.0,259150.0,,357.22222222222223,13.360233886613495,54.33333333333333,25.0,55.51500000000001,8645.5,0.0,0.0,3.0,2.0,1571.0,23.880332659821278
283.0,Denver,3,212141.66666666666,138000.0,2.688679245283019,0.0,8.124505999856291,59.111111111111114,25.0,70.325,471.0,0.0,0.0,1.5,2.0,1738.5,23.86444932368432
284.0,Massapequa Park,1,858000.0,858000.0,,71.6,15.53271179133434,55.0,25.0,48.66,7033.0,0.0,0.0,3.0,2.0,1900.0,23.831762231903244
285.0,Newtown,1,543000.0,543000.0,,57.391304347826086,15.142002586764388,51.0,25.0,55.365,7323.0,0.0,0.0,2.0,2.5,1808.0,23.777401936683326
286.0,Zephyrhills,1,131200.0,131200.0,,337.3187560414653,17.58191420564777,46.333333333333336,25.0,50.805,5512.0,0.0,0.0,2.0,2.0,1029.0,23.74728184257382
287.0,Maysville,1,651229.0,651229.0,,400.9453846153846,20.34651864625997,37.666666666666664,25.0,51.67,3460.0,0.0,0.0,6.0,1.0,3668.0,23.623797410287427
288.0,Bartlett,2,554100.0,554100.0,,56.37614678899082,10.536349428756198,48.0,25.0,74.3175,2921.0,0.0,0.0,4.0,3.75,2489.5,23.374632562146463
289.0,Plainfield,3,409566.6666666667,418000.0,,90.70028011204482,9.913684702162824,55.333333333333336,25.0,66.28,7524.5,0.0,0.0,2.0,2.5,2179.6666666666665,23.354566950703973
290.0,Coventry,1,483300.0,483300.0,,61.1,15.54079543004958,49.666666666666664,25.0,53.33,7027.0,0.0,0.0,2.0,2.0,1334.0,23.197050494952247
291.0,Fremont,2,1783150.0,1783150.0,,45.857677902621724,10.26824207803406,60.666666666666664,25.0,57.32,3319.0,0.0,0.0,3.5,1.75,1948.5,23.165606481379452
292.0,Virginia,1,70200.0,70200.0,,89.72972972972974,21.36370985126105,50.333333333333336,25.0,31.05,2705.0,0.0,0.0,2.0,2.0,878.0,23.131587102062706
293.0,Acworth,1,346900.0,346900.0,,238.20805303695036,15.678217288208666,42.333333333333336,25.0,61.09,6925.0,0.0,0.0,3.0,3.0,1320.0,23.09444803363449
294.0,Smyrna,1,276700.0,276700.0,,161.03773584905662,16.591668463030828,53.333333333333336,25.0,43.41,6247.0,0.0,0.0,3.0,1.0,1216.0,23.0852277312544
295.0,Omaha,3,131050.0,14200.0,,-42.526315789473685,15.09529711863189,51.444444444444436,25.0,52.615,1755.5,0.0,0.0,3.0,2.5,2058.0,23.03983585578058
296.0,Orlando,5,310383.8,387700.0,1.49835255354201,329.72514096927245,8.857242940288856,62.76666666666667,25.0,56.935,7605.0,0.0,0.0,3.4,2.4,1697.0,23.027407483401262
297.0,Dracut,1,279800.0,279800.0,,100.0,14.86985341668463,62.333333333333336,25.0,36.76,7525.0,0.0,0.0,2.0,1.0,886.0,22.826361920184283
298.0,Palm Bay,1,300100.0,300100.0,,203.43781597573306,9.131817201983186,63.333333333333336,25.0,55.06999999999999,11784.0,0.0,0.0,3.0,2.0,1632.0,22.780172959728304
299.0,Collinsville,1,77800.0,77800.0,,238.2608695652174,20.92988790687648,46.333333333333336,25.0,35.39,3027.0,0.0,0.0,3.0,1.0,912.0,22.747869289162267
300.0,Oconomowoc,3,679933.3333333334,546800.0,,146.3030303030303,7.776909535100955,55.611111111111114,25.0,70.2425,1245.0,0.0,0.0,4.0,1.75,2133.0,22.64098368331116
301.0,Peoria,4,204150.0,205100.0,,108.36084525281063,14.134915930157362,59.666666666666664,25.0,42.12833333333334,4573.333333333333,0.0,0.0,3.0,1.625,1396.5,22.62538330824208
302.0,Fayetteville,3,211500.0,210200.0,,74.5,12.60329093913918,52.333333333333336,25.0,57.78,4530.0,0.0,0.0,3.0,2.0,1354.0,22.6173436044229
303.0,Bethany,1,147600.0,147600.0,,143.96694214876032,11.974563483509376,68.33333333333333,25.0,37.585,9674.0,0.0,0.0,3.0,1.0,1101.0,22.554639251336404
304.0,Black Hawk,1,411000.0,411000.0,,15.126050420168067,22.30814830782496,34.666666666666664,25.0,47.03,2004.0,0.0,0.0,1.0,1.5,1357.0,22.54542025380367
305.0,Royal Palm Beach,1,594800.0,594800.0,,260.4848484848485,12.618560034490192,47.0,25.0,63.06999999999999,9196.0,0.0,0.0,4.0,2.0,2182.0,22.48242145963597
306.0,Middletown,1,88600.0,88600.0,,435.31508670170984,20.34517137314076,55.333333333333336,25.0,22.65,3461.0,0.0,0.0,2.0,1.0,864.0,22.45038462370137
307.0,Broomes Island,1,626700.0,626700.0,,39.266666666666666,16.909624919163612,45.666666666666664,25.0,50.72,6011.0,0.0,0.0,4.0,2.0,1612.0,22.399620637075127
308.0,Myrtle Beach,2,330000.0,330000.0,,0.0,11.900463461953008,46.83333333333333,25.0,67.225,896.0,0.0,0.0,4.0,2.0,2513.0,22.357002581835832
309.0,Morro Bay,2,1282200.0,1282200.0,,72.57803468208093,10.107916576848458,53.66666666666667,25.0,63.864999999999995,3557.0,0.0,0.0,3.5,3.5,2149.0,22.35500537987884
310.0,Pittsfield,3,256233.33333333334,325000.0,,102.4,11.191348710210534,51.0,25.0,62.614999999999995,6102.0,0.0,0.0,6.0,2.5,2510.6666666666665,22.169269754413044
311.0,Rockford,2,131000.0,131000.0,,668.5,10.43463030825609,65.83333333333333,25.0,41.052499999999995,3072.0,0.0,0.0,3.0,1.5,1111.5,22.14309572008368
312.0,Cincinnati,6,273216.6666666667,197450.0,,485.53594771241825,12.387951785585974,48.94444444444445,25.0,58.104,4769.75,0.0,0.0,2.8333333333333335,1.9166666666666667,1972.2,22.106641926997725
313.0,Dallas,4,212800.0,192050.0,,0.0,11.88901164043975,58.833333333333336,25.0,49.216249999999995,913.0,0.0,0.0,2.5,2.0,1236.25,21.924445531134854
314.0,Loveland,1,548700.0,548700.0,,132.25396825396825,11.856003449019184,40.333333333333336,25.0,73.23,9762.0,0.0,0.0,4.0,3.0,2698.0,21.865227835835125
315.0,Wilmington,3,481666.6666666667,472600.0,,97.55278407659361,11.786394337860171,48.666666666666664,25.0,62.345000000000006,5439.5,0.0,0.0,3.6666666666666665,2.5,2037.3333333333333,21.844941416911194
316.0,Whiting,1,94900.0,94900.0,,115.68181818181817,21.637206294460015,41.666666666666664,25.0,36.335,2502.0,0.0,0.0,2.0,1.0,1001.0,21.842021217570327
317.0,Santa Ana,1,796800.0,796800.0,,449.5172413793103,9.370284544082777,67.66666666666667,25.0,42.61500000000001,11607.0,0.0,0.0,3.0,1.5,1574.0,21.816698064988778
318.0,Sugar Hill,1,517700.0,517700.0,,87.91288566243193,13.506413020047424,34.0,25.0,75.67,8537.0,0.0,0.0,4.0,3.0,2336.0,21.733426810892446
319.0,Saint Paul,2,276750.0,276750.0,,385.6108597285068,4.8420995904289725,70.5,25.0,54.9075,11374.0,0.0,0.0,4.0,2.0,1749.5,21.67612639793667
320.0,Daytona Beach Shores,1,144600.0,144600.0,,31.454545454545457,22.405151972407847,50.0,25.0,22.005,1932.0,0.0,0.0,0.0,1.0,385.0,21.62865570970094
321.0,Eagle Pt,1,343500.0,343500.0,,26.98706099815157,22.807986635050657,43.666666666666664,25.0,28.54,1633.0,0.0,0.0,2.0,1.0,1092.0,21.47312590055798
322.0,Pacifica,1,1253500.0,1253500.0,,188.16091954022988,12.58218366027161,48.666666666666664,25.0,56.76,9223.0,0.0,0.0,5.0,2.0,1120.0,21.33901165383572
323.0,Columbia,4,120250.0,101700.0,,111.68481123792802,11.194155529208881,50.666666666666664,25.0,59.395,1944.5,0.0,0.0,3.0,2.3333333333333335,1541.6666666666667,21.294371785318567
324.0,Brick,1,221700.0,221700.0,,77.50200160128102,20.38828411295538,46.666666666666664,25.0,30.77,3429.0,0.0,0.0,1.0,1.0,888.0,20.980212482564006
325.0,Seven Hills,1,344300.0,344300.0,,69.1891891891892,13.711198534166847,43.0,25.0,59.489999999999995,8385.0,0.0,0.0,4.0,2.0,2316.0,20.912185591180428
326.0,Bardstown,1,333300.0,333300.0,,117.84313725490196,13.855356757921966,37.0,25.0,66.68,8278.0,0.0,0.0,3.0,3.0,1638.0,20.892720784272708
327.0,Boles,1,96800.0,96800.0,,259.85130111524165,18.096572537184738,40.666666666666664,25.0,45.36,5130.0,0.0,0.0,3.0,2.0,1040.0,20.86691101906983
328.0,Rocky Point,1,266900.0,266900.0,,186.98924731182797,12.807178271179133,42.0,25.0,61.919999999999995,9056.0,0.0,0.0,3.0,2.0,1452.0,20.589307746750578
329.0,San Gabriel,2,1114200.0,1114200.0,,92.03333333333333,10.091749299417978,64.5,25.0,41.78,3581.0,0.0,0.0,3.5,1.5,1657.0,20.5753799890857
330.0,Fort Plain,1,138100.0,138100.0,,84.13333333333334,20.63483509377021,38.0,25.0,39.715,3246.0,0.0,0.0,2.0,1.5,744.0,20.524036695745995
331.0,Mesa,2,346550.0,346550.0,,12.182628062360802,11.405340590644535,55.58333333333333,25.0,49.5,1631.0,0.0,0.0,2.0,2.0,1593.0,20.519849002604776
332.0,Longview,2,167755.0,167755.0,,36.044444444444444,10.950635912912265,53.33333333333333,25.0,53.709999999999994,2306.0,0.0,0.0,2.0,2.0,1117.0,20.446301731876424
333.0,Moore,1,205000.0,205000.0,,156.25,14.468366027161027,48.666666666666664,25.0,46.449999999999996,7823.0,0.0,0.0,2.0,2.0,1408.0,20.42208915868531
334.0,San Francisco,1,855800.0,855800.0,,394.6820809248555,11.18775598189265,69.33333333333333,25.0,27.58,10258.0,0.0,0.0,2.0,1.0,1050.0,20.199960239421998
335.0,Roanoke Rapids,1,133900.0,133900.0,,604.7368421052631,12.642810950635914,41.0,25.0,58.73,9178.0,0.0,0.0,3.0,2.0,1664.0,20.068009061606286
336.0,North Versailles,1,84900.0,84900.0,,275.03313013517095,19.852069411511103,44.333333333333336,25.0,30.689999999999998,3827.0,0.0,0.0,2.0,1.0,1222.0,20.06690336705407
337.0,Candler,1,393000.0,393000.0,,109.60000000000001,16.30200474240138,41.333333333333336,25.0,48.459999999999994,6462.0,0.0,0.0,3.0,2.0,960.0,20.011701001455254
338.0,Atlantic Highlands,1,1291100.0,1291100.0,,48.40229885057472,14.391571459366242,45.333333333333336,25.0,50.0,7880.0,0.0,0.0,2.0,4.0,1300.0,19.93088221092862
339.0,Spring Grove,1,625400.0,625400.0,,35.95652173913044,11.295537831429186,41.666666666666664,25.0,66.13,10178.0,0.0,0.0,4.0,3.5,4226.0,19.920000414962807
340.0,Conyers,2,230200.0,230200.0,,465.27272727272725,14.5835578788532,39.666666666666664,25.0,53.962500000000006,7737.5,0.0,0.0,3.0,2.25,1669.0,19.91993024752999
341.0,Ormond Beach,2,245800.0,245800.0,,91.74526662186277,7.2968312136236255,43.83333333333333,25.0,76.89500000000001,7730.0,0.0,0.0,4.0,3.0,2481.0,19.858969598085295
342.0,Rochester,2,180700.0,180700.0,,1388.4,14.852338866134943,43.66666666666667,25.0,40.5775,7538.0,0.0,0.0,2.5,0.75,1366.0,19.827318909379574
343.0,Mesquite,2,374974.5,374974.5,,0.0,11.836467988790687,41.83333333333333,25.0,63.69,991.0,0.0,0.0,2.0,1.5,2056.0,19.791039186537382
344.0,Fort Morgan,1,234100.0,234100.0,,107.16814159292036,19.714647553352016,50.0,25.0,23.009999999999998,3929.0,0.0,0.0,2.0,1.0,936.0,19.65513741416257
345.0,Saint Petersburg,3,175570.0,166500.0,2.9925373134328357,32.374680306905375,11.920223467701371,50.22222222222222,25.0,50.67,5290.5,0.0,0.0,2.6666666666666665,1.6666666666666667,985.0,19.520489237761716
346.0,Ashaway,1,493700.0,493700.0,,118.54803010181496,16.4663720629446,47.666666666666664,25.0,36.995000000000005,6340.0,0.0,0.0,3.0,1.5,1900.0,19.47082584706292
347.0,Olympia,1,497500.0,497500.0,,99.39879759519037,14.514173313214055,43.333333333333336,25.0,49.559999999999995,7789.0,0.0,0.0,2.0,2.0,1780.0,19.359889839424888
348.0,Manheim,1,325500.0,325500.0,,119.84627645922544,13.69368398361716,43.333333333333336,25.0,52.235,8398.0,0.0,0.0,2.0,2.0,1315.0,19.329795373968345
349.0,Anaheim,2,299000.0,299000.0,,93.37142857142857,10.334932097434791,72.16666666666667,25.0,25.349999999999998,3220.0,0.0,0.0,1.0,1.0,504.0,19.321865209867195
350.0,Cocoa,1,396100.0,396100.0,,190.18315018315016,12.873194654020264,41.666666666666664,25.0,56.769999999999996,9007.0,0.0,0.0,3.0,2.0,1822.0,19.289356974363848
351.0,Fairmount,1,109600.0,109600.0,,52.22222222222223,17.790741539124813,34.666666666666664,25.0,49.095,5357.0,0.0,0.0,2.0,1.0,1153.0,19.166730400976135
352.0,Henrico,1,329100.0,329100.0,,414.6207974980453,5.700312567363657,53.666666666666664,25.0,64.05,14331.0,0.0,0.0,4.0,3.0,2012.0,19.146535769620982
353.0,Davenport,1,111300.0,111300.0,,45.490196078431374,14.770155205863333,57.333333333333336,25.0,28.31,7599.0,0.0,0.0,2.0,1.0,796.0,18.938145763755443
354.0,Beggs,1,112700.0,112700.0,,493.1578947368421,15.967881008838111,41.333333333333336,25.0,42.22,6710.0,0.0,0.0,3.0,1.0,1378.0,18.870290587430034
355.0,South Kingstown,1,736800.0,736800.0,,2789.4117647058824,7.930049579650785,45.333333333333336,25.0,49.16,12676.0,0.0,0.0,3.0,2.0,1050.0,18.862406599378026
356.0,Farmington,2,367450.0,367450.0,,123.41463414634146,10.59899762879931,53.166666666666664,25.0,48.04,2828.0,0.0,0.0,3.0,1.75,1392.5,18.85678852642797
357.0,Ransomville,1,196700.0,196700.0,,145.875,14.053405906445354,50.0,25.0,38.855000000000004,8131.0,0.0,0.0,3.0,1.5,1272.0,18.63334285433578
358.0,Weaverville,2,460550.0,460550.0,,0.0,12.397607242940289,41.0,25.0,57.6575,158.0,0.0,0.0,3.5,2.5,2323.5,18.53826716639191
359.0,Atlanta,5,484975.0,397100.0,1.63125,164.26504941599282,6.129014873895236,49.93333333333333,25.0,66.83666666666666,7189.0,0.0,0.0,3.0,2.5,2210.5,18.530618954804595
360.0,Perrysville,1,301200.0,301200.0,,2216.9230769230767,8.603686139254147,34.333333333333336,25.0,63.965,12176.0,0.0,0.0,3.0,2.5,2128.0,18.425403062908742
361.0,Londonderry,1,606300.0,606300.0,,333.07142857142856,11.389846949773657,39.0,25.0,61.095,10108.0,0.0,0.0,3.0,2.5,1704.0,18.41536985348425
362.0,Boston,5,116461.2,0.0,5.861702127659575,52.368421052631575,8.879877128691529,80.2,25.0,16.08,2084.5,0.0,0.0,1.0,1.0,550.0,18.374426923693257
363.0,Trussville,1,291900.0,291900.0,,87.23540731237973,12.06348350937702,35.0,25.0,65.325,9608.0,0.0,0.0,3.0,2.5,2250.0,18.284506624728103
364.0,Charlotte,3,561066.6666666666,333000.0,,0.0,7.896816842710354,48.11111111111111,25.0,63.0975,978.0,0.0,0.0,3.0,2.6666666666666665,2759.3333333333335,18.277139578359165
365.0,Lake Isabella,1,227400.0,227400.0,,187.84810126582278,11.622925199396422,44.333333333333336,25.0,52.81999999999999,9935.0,0.0,0.0,3.0,2.0,1482.0,18.11193590864884
366.0,Rancho Santa Margarita,1,689300.0,689300.0,,1130.892857142857,8.083638715240355,47.666666666666664,25.0,53.485,12562.0,0.0,0.0,3.0,2.0,1115.0,17.926704221454152
367.0,San Diego,3,1172900.0,783900.0,,247.4505012531328,9.235557232162103,48.666666666666664,25.0,54.151666666666664,8279.5,0.0,0.0,3.0,2.3333333333333335,1659.6666666666667,17.884477620815908
368.0,Vernon,1,351400.0,351400.0,,84.94736842105263,13.817633110584177,41.666666666666664,25.0,48.13999999999999,8306.0,0.0,0.0,3.0,2.0,1196.0,17.830777954816377
369.0,Yucaipa,1,698800.0,698800.0,,185.22448979591837,9.065800819142055,35.333333333333336,25.0,72.915,11833.0,0.0,0.0,4.0,3.5,2383.0,17.793894568075764
370.0,Brookneal,1,111300.0,111300.0,,114.03846153846153,14.822698857512396,43.666666666666664,25.0,40.129999999999995,7560.0,0.0,0.0,3.0,1.0,960.0,17.470218837939818
371.0,Greeley,1,425100.0,425100.0,,57.44444444444444,19.60551843069627,42.0,25.0,24.33,4010.0,0.0,0.0,2.0,1.0,1200.0,17.154530523600968
372.0,Pueblo West,1,330700.0,330700.0,,293.69047619047615,8.993048070704894,54.666666666666664,25.0,42.705,11887.0,0.0,0.0,3.0,1.0,1225.0,16.947705599019194
373.0,Tucson,2,9238097.0,9238097.0,,296.1646268698138,3.8457911187755993,65.5,25.0,45.5,12853.0,0.0,0.0,0.0,1.0,94159.5,16.710815879970998
374.0,Birmingham,1,63200.0,63200.0,,62.05128205128205,11.963785298555724,53.666666666666664,25.0,33.864999999999995,9682.0,0.0,0.0,3.0,1.0,1407.0,16.657558432753813
375.0,Manchester,1,465400.0,465400.0,,690.1528013582343,4.274897607242938,44.0,25.0,68.52,15389.0,0.0,0.0,4.0,3.0,1856.0,16.27994136728873
376.0,Edgewood,2,320700.0,320700.0,,179.75409836065575,4.778104117266651,45.66666666666667,25.0,67.685,11469.0,0.0,0.0,3.0,2.5,1372.0,16.176182729180077
377.0,Decatur,3,388513.0,547100.0,,159.28909952606637,4.437019472587483,64.1111111111111,25.0,44.035,8682.0,0.0,0.0,3.0,1.5,1155.5,16.173764573513203
378.0,Pennsylvania Furnace,1,223300.0,223300.0,,148.38709677419354,11.777861608105194,47.666666666666664,25.0,39.129999999999995,9820.0,0.0,0.0,3.0,1.0,960.0,15.947058235700197
379.0,Reading,2,637500.0,637500.0,,73.17186772240335,7.285379392110369,56.33333333333333,25.0,42.037499999999994,7747.0,0.0,0.0,2.0,1.75,1442.0,15.45905794355824
380.0,Belleville,3,256680.0,200000.0,,0.0,7.974060501544873,54.77777777777777,25.0,39.65,806.0,0.0,0.0,2.0,1.5,1929.0,14.838745272290257
381.0,Palatka,1,229200.0,229200.0,,291.79487179487177,3.690181073507219,52.0,25.0,55.449999999999996,15823.0,0.0,0.0,3.0,2.0,2058.0,14.533863337700403
382.0,Klamath Falls,2,23380.0,23380.0,,234.0,9.007868075016166,49.66666666666667,25.0,37.69,5190.0,0.0,0.0,2.0,1.0,672.0,13.986352787194598
383.0,Orange City,1,211300.0,211300.0,,369.55555555555554,6.562567363655962,50.0,25.0,44.425000000000004,13691.0,0.0,0.0,2.0,1.5,1286.0,13.835693004498403
384.0,Sarasota,2,289850.0,289850.0,,599.3617021276596,4.5382895020478555,59.83333333333333,25.0,36.12,11825.0,0.0,0.0,2.5,1.5,1075.0,13.692075790229012
385.0,Montgomery,3,93700.0,101700.0,,0.0,8.175253287346411,48.55555555555555,25.0,42.58,358.0,0.0,0.0,4.0,1.1666666666666667,1198.0,13.674303486799076
386.0,Haines City,1,138900.0,138900.0,,561.4285714285713,13.990084069842638,41.666666666666664,25.0,26.39,8178.0,0.0,0.0,2.0,1.0,912.0,13.519715609523566
387.0,Concord,3,341133.3333333333,225200.0,,269.1954022988506,3.9582884242293592,58.11111111111111,25.0,41.071666666666665,9748.0,0.0,0.0,2.6666666666666665,1.8333333333333333,1210.0,13.246334950616987
388.0,Plant City,1,269500.0,269500.0,,3070.5882352941176,2.7093662427247267,41.666666666666664,25.0,46.559999999999995,16551.0,0.0,0.0,2.0,2.0,1230.0,12.949986729746268
389.0,San Clemente,1,1208900.0,1208900.0,,863.2669322709164,5.45510885966803,41.0,25.0,52.584999999999994,14513.0,0.0,0.0,3.0,2.0,1235.0,12.74520469587101
390.0,Marion,2,117100.0,117100.0,,141.66666666666669,6.867724725156283,47.83333333333333,25.0,36.655,8367.0,0.0,0.0,2.5,1.0,1290.0,11.09915343709805
391.0,Statesville,1,243900.0,243900.0,,266.76691729323306,4.115919379176546,39.666666666666664,25.0,56.230000000000004,15507.0,0.0,0.0,3.0,2.5,1381.0,10.982236056949379
392.0,Riverside,1,445300.0,445300.0,,702.3423423423424,2.2715024789825407,60.5,25.0,31.314999999999998,16876.0,0.0,0.0,2.0,1.0,1347.0,10.942401584363456
393.0,Los Banos,1,292300.0,292300.0,,630.75,8.951282604009485,47.666666666666664,25.0,22.669999999999998,11918.0,0.0,0.0,2.0,1.0,868.0,10.313914436037843
394.0,Doraville,1,469700.0,469700.0,,794.6666666666666,0.0013472731192081255,39.333333333333336,25.0,57.129999999999995,18561.0,0.0,0.0,3.0,2.0,2844.0,8.417830613526878
,APPLETON,1,222075.0,222075.0,,,0.0,47.333333333333336,25.0,,,0.0,0.0,,,,
,Abbeville,1,311400.0,311400.0,,,0.0,39.333333333333336,25.0,56.73,,0.0,0.0,3.0,2.0,1914.0,
,Adamstown,1,668100.0,668100.0,,23.72222222222222,22.746012071567147,51.0,25.0,,1679.0,0.0,0.0,,2.5,2742.0,
,Ahoskie,2,113197.5,113197.5,,,0.0,42.333333333333336,25.0,41.07,,0.0,0.0,3.0,1.0,1248.0,
,Alabaster,1,229300.0,229300.0,,,0.0,39.666666666666664,25.0,,,0.0,0.0,,2.0,1947.0,
,Albert Lea,1,202400.0,202400.0,,478.2857142857143,15.84932097434792,69.0,25.0,,6798.0,0.0,0.0,,,306.0,
,Albuquerque,1,0.0,0.0,,,0.0,68.33333333333333,25.0,,,0.0,0.0,,,,
,Aliquippa,1,211000.0,211000.0,,,0.0,33.666666666666664,25.0,42.145,,0.0,0.0,3.0,1.5,1680.0,
,Anderson,1,224200.0,224200.0,,,0.0,45.333333333333336,25.0,61.075,,0.0,0.0,4.0,2.5,1900.0,
,Arlington,2,238050.0,238050.0,,,10.167196594093555,63.16666666666667,25.0,52.129999999999995,3469.0,0.0,0.0,3.0,2.0,1469.0,
,Astoria,1,0.0,0.0,,,0.0,92.0,25.0,,,0.0,0.0,2.0,1.0,,
,Attalla,1,147900.0,147900.0,,,0.0,50.0,25.0,,,0.0,0.0,,1.0,1432.0,
,Auburn,1,470100.0,470100.0,,,0.0,47.0,25.0,72.215,,0.0,0.0,4.0,2.5,2578.0,
,Austin,6,8689091.666666666,374100.0,,,3.6055274125170658,62.0,25.0,62.308749999999996,2505.0,0.0,0.0,2.75,2.25,45866.333333333336,
,Azle,1,0.0,0.0,,,23.957210605733994,60.0,25.0,67.025,780.0,0.0,0.0,3.0,3.0,2207.0,
,Barboursville,1,24700.0,24700.0,,,0.0,65.0,25.0,,,0.0,0.0,,,,
,Basalt,1,0.0,0.0,,,22.78643026514335,74.66666666666667,25.0,56.849999999999994,1649.0,0.0,0.0,2.0,2.0,1038.0,
,Batavia,1,293300.0,293300.0,,,0.0,49.333333333333336,25.0,55.4,,0.0,0.0,3.0,2.0,1348.0,
,Batesville,1,222680.0,222680.0,,0.0,23.798232377667603,39.0,25.0,,898.0,0.0,0.0,,,,
,Baton Rouge,2,166650.0,166650.0,,,10.654235826686786,42.5,25.0,56.19499999999999,2746.0,0.0,0.0,3.0,2.0,2007.0,
,Bayonne,2,305400.0,305400.0,,135.83011583011583,9.448426384996766,70.66666666666666,25.0,,4536.0,0.0,0.0,2.0,1.0,1576.0,
,Bell Gardens,1,0.0,0.0,,,0.0,81.33333333333333,25.0,,,0.0,0.0,1.0,1.0,,
,Beloit,1,161100.0,161100.0,,,0.0,63.666666666666664,25.0,35.125,,0.0,0.0,2.0,1.5,1026.0,
,Bettendorf,1,683400.0,683400.0,,,0.0,51.666666666666664,25.0,65.995,,0.0,0.0,3.0,4.5,3899.0,
,Biddeford,1,769900.0,769900.0,,,0.0,50.0,25.0,43.300000000000004,,0.0,0.0,3.0,2.5,1495.0,
,Bismarck,1,10675.0,10675.0,,,0.0,36.666666666666664,25.0,,,0.0,0.0,,1.0,840.0,
,Blacklick,1,342300.0,342300.0,,,0.0,54.0,25.0,65.375,,0.0,0.0,3.0,2.5,1710.0,
,Blaine,1,253600.0,253600.0,,,0.0,72.0,25.0,45.419999999999995,,0.0,0.0,2.0,2.0,1052.0,
,Blanket,1,104200.0,104200.0,,,0.0,49.333333333333336,25.0,,,0.0,0.0,,,1872.0,
,Bloomington,1,579600.0,579600.0,,,0.0,50.0,25.0,22.689999999999998,,0.0,0.0,2.0,1.0,672.0,
,Bonita Springs,1,582400.0,582400.0,,,0.0,64.33333333333333,25.0,38.655,,0.0,0.0,2.0,1.0,1915.0,
,Box Elder,1,294500.0,294500.0,,,0.0,42.0,25.0,61.599999999999994,,0.0,0.0,3.0,2.0,1288.0,
,Box Springs,1,116900.0,116900.0,,,0.0,42.333333333333336,25.0,43.910000000000004,,0.0,0.0,3.0,1.5,1383.0,
,Bozeman,1,774500.0,774500.0,,,24.43145074369476,43.0,25.0,79.48,428.0,0.0,0.0,4.0,3.0,1898.0,
,Branson,1,172300.0,172300.0,,,0.0,51.0,25.0,,,0.0,0.0,,,1016.0,
,Bremerton,1,373100.0,373100.0,,,0.0,53.0,25.0,31.919999999999998,,0.0,0.0,2.0,1.0,1368.0,
,Bridgeville,1,210800.0,210800.0,,4745.977011494253,5.1816124164690684,47.0,25.0,,14716.0,0.0,0.0,,,1536.0,
,Brighton,1,438300.0,438300.0,,,0.0,42.0,25.0,23.88,,0.0,0.0,1.0,1.0,660.0,
,Bronx,4,3111125.0,2435750.0,,336.5004365004365,5.077535568010347,74.0,25.0,,3487.0,0.0,0.0,0.3333333333333333,0.3333333333333333,25031.0,
,Brooklyn,3,796933.3333333334,1117800.0,,,0.0,87.77777777777777,25.0,38.495000000000005,,0.0,0.0,1.6666666666666667,1.1666666666666667,2000.0,
,Brownstown,1,190100.0,190100.0,,,0.0,60.666666666666664,25.0,28.904999999999998,,0.0,0.0,3.0,1.0,1065.0,
,Bryan,1,360200.0,360200.0,,,0.0,42.666666666666664,25.0,,,0.0,0.0,,,2174.0,
,Burleson,1,455000.0,455000.0,,,0.0,39.0,25.0,63.089999999999996,,0.0,0.0,3.0,2.0,2286.0,
,Burton,1,1129200.0,1129200.0,,,0.0,40.666666666666664,25.0,48.785,,0.0,0.0,2.0,2.0,1325.0,
,Butte,1,279500.0,279500.0,,,0.0,60.333333333333336,25.0,40.265,,0.0,0.0,3.0,2.0,1721.0,
,Byron,1,292100.0,292100.0,,,0.0,42.666666666666664,25.0,,,0.0,0.0,,,1472.0,
,Calgary,2,0.0,0.0,,,0.0,58.166666666666664,25.0,,,0.0,0.0,,,,
,Calhoun,1,26800.0,26800.0,,,0.0,53.333333333333336,25.0,26.77,,0.0,0.0,2.0,1.0,538.0,
,Canal Winchester,2,71500.0,71500.0,,,0.0,51.5,25.0,45.4775,,0.0,0.0,1.5,1.25,888.0,
,Canoga Park,1,696400.0,696400.0,,,0.0,88.33333333333333,25.0,29.5,,0.0,0.0,2.0,1.0,884.0,
,Canton,1,557200.0,557200.0,,,0.0,44.333333333333336,25.0,49.64,,0.0,0.0,3.0,2.0,1396.0,
,Carlisle,1,303700.0,303700.0,,,0.0,40.0,25.0,57.629999999999995,,0.0,0.0,4.0,2.0,1944.0,
,Carnation,1,1215300.0,1215300.0,,,0.0,42.0,25.0,39.43,,0.0,0.0,3.0,1.0,2120.0,
,Carrollton,1,385700.0,385700.0,,,15.513849967665445,56.666666666666664,25.0,54.745,7047.0,0.0,0.0,3.0,2.0,1767.0,
,Cartersville,1,204100.0,204100.0,,,0.0,42.333333333333336,25.0,42.205,,0.0,0.0,3.0,1.0,1125.0,
,Cascade,1,509000.0,509000.0,,,0.0,35.666666666666664,25.0,49.135,,0.0,0.0,3.0,2.0,1345.0,
,Cashiers,1,995000.0,995000.0,,57.936507936507944,24.59177624488036,37.333333333333336,25.0,,309.0,0.0,0.0,3.0,3.0,,
,Cato,1,75833.0,75833.0,,43.33264029334492,22.64227204138823,40.333333333333336,25.0,,1756.0,0.0,0.0,,,1280.0,
,Cedar Rapids,1,55500.0,55500.0,,,0.0,52.0,25.0,36.53,,0.0,0.0,2.0,1.0,590.0,
,Central Square,1,376000.0,376000.0,,,0.0,50.0,25.0,62.61,,0.0,0.0,4.0,2.0,2240.0,
,Centralia,1,1830.0,1830.0,,,0.0,63.0,25.0,,,0.0,0.0,,,,
,Charleston,1,56448.0,56448.0,,,0.0,34.333333333333336,25.0,,,0.0,0.0,,,1705.0,
,Chester,1,37000.0,37000.0,,,0.0,39.333333333333336,25.0,,,0.0,0.0,,,1648.0,
,Chico,1,492800.0,492800.0,,,0.0,78.33333333333333,25.0,,,0.0,0.0,,0.0,,
,China,1,165600.0,165600.0,,,0.0,49.0,25.0,,,0.0,0.0,,,1386.0,
,Chincoteague Island,1,759700.0,759700.0,,,0.0,51.0,25.0,,,0.0,0.0,,,,
,Chula Vista,1,705100.0,705100.0,,,0.0,67.66666666666667,25.0,32.39,,0.0,0.0,2.0,1.0,962.0,
,Church Point,1,87400.0,87400.0,,,0.0,43.666666666666664,25.0,,,0.0,0.0,,,400.0,
,Clarksburg,1,1400.0,1400.0,,,0.0,40.333333333333336,25.0,,,0.0,0.0,,,,
,Clearfield,1,25900.0,25900.0,,,0.0,39.333333333333336,25.0,,,0.0,0.0,,,,
,Cleburne,1,0.0,0.0,,,23.81035783574046,47.333333333333336,25.0,62.684999999999995,889.0,0.0,0.0,3.0,2.0,1355.0,
,Cleveland,2,46335.5,46335.5,,,0.0,55.83333333333333,25.0,29.299999999999997,,0.0,0.0,3.0,1.0,1144.0,
,Cliffside Park,1,650000.0,650000.0,,0.0,24.43549256305238,67.33333333333333,25.0,,425.0,0.0,0.0,2.0,2.0,,
,Clovis,1,426200.0,426200.0,,,0.0,51.0,25.0,54.3,,0.0,0.0,3.0,2.0,1478.0,
,Cochrane,1,274700.0,274700.0,,,0.0,41.666666666666664,25.0,,,0.0,0.0,,1.75,3555.0,
,Colfax,1,325800.0,325800.0,,,0.0,50.0,25.0,26.259999999999998,,0.0,0.0,2.0,1.0,1336.0,
,Colville,1,0.0,0.0,,,20.911026083207588,79.0,25.0,,3041.0,0.0,0.0,,,,
,Commerce,1,664900.0,664900.0,,,0.0,73.66666666666667,25.0,32.46,,0.0,0.0,3.0,1.0,1126.0,
,Commerce Township,1,457800.0,457800.0,,,0.0,50.0,25.0,57.06999999999999,,0.0,0.0,3.0,2.0,2132.0,
,Conroe,1,182500.0,182500.0,,,0.0,54.333333333333336,25.0,51.495,,0.0,0.0,3.0,2.0,1167.0,
,Copalis Beach,1,174300.0,174300.0,,,0.0,41.333333333333336,25.0,,,0.0,0.0,,,864.0,
,Corpus Christi,1,231200.0,231200.0,,,0.0,65.0,25.0,,,0.0,0.0,,,1706.0,
,Costa Mesa,1,0.0,0.0,,,0.0,67.0,25.0,46.9,,0.0,0.0,2.0,1.0,714.0,
,Covington,1,351700.0,351700.0,,27.890909090909087,22.084500970036647,63.333333333333336,25.0,,2170.0,0.0,0.0,4.0,4.0,,
,Culdesac,1,0.0,0.0,,,24.810034490191853,37.666666666666664,25.0,54.919999999999995,147.0,0.0,0.0,3.0,2.0,2052.0,
,Culloden,1,101700.0,101700.0,,,0.0,44.333333333333336,25.0,,,0.0,0.0,,,,
,Dalton,1,83212.0,83212.0,,,0.0,41.333333333333336,25.0,44.769999999999996,,0.0,0.0,0.0,2.0,1072.0,
,Darlington,1,19100.0,19100.0,,,0.0,50.0,25.0,28.93,,0.0,0.0,2.0,1.0,1020.0,
,Darrow,1,33700.0,33700.0,,,0.0,45.333333333333336,25.0,,,0.0,0.0,,,,
,De Pere,1,706800.0,706800.0,,,0.0,41.666666666666664,25.0,,,0.0,0.0,,,,
,Delano,1,110000.0,110000.0,,,0.0,42.666666666666664,25.0,,,0.0,0.0,,,,
,Desoto,1,412900.0,412900.0,,,0.0,42.333333333333336,25.0,65.86,,0.0,0.0,3.0,2.0,2790.0,
,Dodge Center,1,123100.0,123100.0,,,0.0,59.666666666666664,25.0,28.119999999999997,,0.0,0.0,3.0,1.0,958.0,
,Donalds,1,23100.0,23100.0,,,0.0,40.0,25.0,,,0.0,0.0,,,1216.0,
,Dover,1,301300.0,301300.0,,,0.0,50.333333333333336,25.0,45.425000000000004,,0.0,0.0,3.0,1.5,1086.0,
,Drake,1,44300.0,44300.0,,,0.0,42.333333333333336,25.0,,,0.0,0.0,,,,
,Du bois,1,6600.0,6600.0,,,0.0,35.333333333333336,25.0,,,0.0,0.0,,,,
,Dunkirk,1,612400.0,612400.0,,45.80952380952381,14.406391463677517,36.666666666666664,25.0,,7869.0,0.0,0.0,,2.5,2172.0,
,Dunmore,1,250600.0,250600.0,,,0.0,74.66666666666667,25.0,,,0.0,0.0,,,,
,Durand,1,250500.0,250500.0,,69.3711967545639,15.17837896098297,50.0,25.0,,7296.0,0.0,0.0,,,,
,Durango,2,408750.0,408750.0,,,12.442067255874111,67.83333333333333,25.0,50.522499999999994,92.0,0.0,0.0,2.5,2.0,1772.5,
,Dyer,1,274100.0,274100.0,,,0.0,58.0,25.0,45.455000000000005,,0.0,0.0,3.0,1.5,1192.0,
,Eagle Pass,1,303300.0,303300.0,,,0.0,56.666666666666664,25.0,,,0.0,0.0,,2.0,1383.0,
,Earlville,1,301400.0,301400.0,,,0.0,44.0,25.0,,,0.0,0.0,,,1666.0,
,East Grand Forks,1,0.0,0.0,,,24.602554429834015,77.0,25.0,35.91,301.0,0.0,0.0,3.0,2.0,850.0,
,East Setauket,1,620000.0,620000.0,,61.038961038961034,20.77495149816771,47.0,25.0,,3142.0,0.0,0.0,2.0,3.0,,
,Edina,1,300800.0,300800.0,,,21.536160810519508,50.0,25.0,53.949999999999996,2577.0,0.0,0.0,3.0,2.0,1808.0,
,Eldersburg,1,255300.0,255300.0,,89.11111111111111,14.058794998922181,62.333333333333336,25.0,,8127.0,0.0,0.0,,,,
,Elk Creek,1,159900.0,159900.0,,,0.0,49.333333333333336,25.0,27.145,,0.0,0.0,2.0,1.0,1013.0,
,Elkton,1,262800.0,262800.0,,,0.0,36.0,25.0,38.53,,0.0,0.0,3.0,1.0,1540.0,
,Ellendale,1,19200.0,19200.0,,,0.0,60.333333333333336,25.0,,,0.0,0.0,,,,
,Elmont,1,560500.0,560500.0,,,0.0,64.66666666666667,25.0,,,0.0,0.0,2.0,2.0,,
,Empire,1,0.0,0.0,,,0.0,51.333333333333336,25.0,,,0.0,0.0,,,,
,Encinitas,1,1550400.0,1550400.0,,,0.0,65.0,25.0,47.93,,0.0,0.0,2.0,1.0,920.0,
,Enid,1,22285.0,22285.0,,,0.0,62.666666666666664,25.0,21.27,,0.0,0.0,1.0,1.0,888.0,
,Fairbank,1,140000.0,140000.0,,,0.0,61.0,25.0,30.79,,0.0,0.0,3.0,1.0,1492.0,
,Fargo,1,576400.0,576400.0,,,0.0,43.0,25.0,,,0.0,0.0,,,,
,Faucett,1,235000.0,235000.0,,,16.179402888553568,36.666666666666664,25.0,,6553.0,0.0,0.0,,,1144.0,
,Fawn Grove,1,110700.0,110700.0,,,0.0,50.0,25.0,38.769999999999996,,0.0,0.0,3.0,1.0,888.0,
,Federal Way,1,580000.0,580000.0,,,0.0,54.0,25.0,58.71,,0.0,0.0,3.0,2.5,2127.0,
,Flanagan,1,243100.0,243100.0,,,0.0,48.333333333333336,25.0,61.3,,0.0,0.0,4.0,2.0,2378.0,
,Flora,1,696600.0,696600.0,,,0.0,41.333333333333336,25.0,,,0.0,0.0,,,,
,Florissant,1,201600.0,201600.0,,,0.0,49.0,25.0,49.69,,0.0,0.0,3.0,2.0,1506.0,
,Flower Mound,1,553100.0,553100.0,,,0.0,49.0,25.0,72.705,,0.0,0.0,4.0,2.5,2576.0,
,Forest Park,2,160300.0,160300.0,,91.40298507462687,9.596626428109506,60.666666666666664,25.0,,4316.0,0.0,0.0,,,,
,Forney,1,318700.0,318700.0,,,0.0,50.0,25.0,,,0.0,0.0,,,,
,Fort Pierce,1,90200.0,90200.0,,,0.0,73.0,25.0,26.084999999999997,,0.0,0.0,2.0,1.0,1101.0,
,Fort Washington,1,273000.0,273000.0,,,0.0,34.333333333333336,25.0,61.085,,0.0,0.0,3.0,3.0,1969.0,
,Fort Worth,2,78650.0,78650.0,,,11.814237982323776,55.83333333333333,25.0,43.3575,1024.0,0.0,0.0,3.0,1.5,1347.5,
,Fox Lake,1,837600.0,837600.0,,,0.0,50.0,25.0,43.74,,0.0,0.0,2.0,3.0,1750.0,
,Frankfort,1,238800.0,238800.0,,,0.0,37.666666666666664,25.0,,,0.0,0.0,,,,
,Freeport,1,4173.0,4173.0,,,0.0,60.333333333333336,25.0,,,0.0,0.0,4.0,2.0,,
,Fresno,2,654567.5,654567.5,2.0389884088514227,,0.0,45.5,25.0,90.77,,0.0,0.0,3.5,3.0,3404.0,
,Fryeburg,1,403800.0,403800.0,,,0.0,64.0,25.0,50.225,,0.0,0.0,3.0,2.5,2880.0,
,Galveston,1,900000.0,900000.0,,,0.0,51.0,25.0,62.14,,0.0,0.0,2.0,3.0,1430.0,
,Genoa,1,15600.0,15600.0,,,0.0,50.0,25.0,,,0.0,0.0,,,,
,Glade Spring,1,0.0,0.0,,,0.0,50.0,25.0,,,0.0,0.0,,,,
,Gladwin,1,28800.0,28800.0,,,0.0,41.333333333333336,25.0,,,0.0,0.0,,,,
,Gleason,1,212900.0,212900.0,,,0.0,41.666666666666664,25.0,,,0.0,0.0,,,,
,Glen Oaks,1,16909000.0,16909000.0,,,0.0,82.66666666666667,25.0,30.5,,0.0,0.0,0.0,0.0,154232.0,
,Glencoe,1,175600.0,175600.0,,,0.0,40.0,25.0,63.01,,0.0,0.0,3.0,2.0,2220.0,
,Goodyear,2,391750.0,391750.0,,75.5229851340897,17.679591506790256,49.66666666666667,25.0,,5439.5,0.0,0.0,,2.665,1766.5,
,Gowen,1,405600.0,405600.0,,134.4508670520231,16.106650140116404,40.333333333333336,25.0,,6607.0,0.0,0.0,,2.0,,
,Granbury,1,929100.0,929100.0,,,22.81472300064669,50.0,25.0,,1628.0,0.0,0.0,,,3841.0,
,Grand Island,1,217900.0,217900.0,,,0.0,50.0,25.0,37.29,,0.0,0.0,3.0,1.0,1342.0,
,Grand Meadow,1,430900.0,430900.0,,,0.0,41.666666666666664,25.0,72.8875,,0.0,0.0,7.0,2.75,2346.0,
,Grand Saline,1,219900.0,219900.0,,,0.0,41.666666666666664,25.0,,,0.0,0.0,,,1920.0,
,Granite City,1,1080.0,1080.0,,,0.0,43.666666666666664,25.0,,,0.0,0.0,,,,
,Grants Pass,1,178910.0,178910.0,,37.62307692307692,12.855680103470576,50.0,25.0,,9020.0,0.0,0.0,,2.0,1809.0,
,Greenbelt,1,0.0,0.0,,,23.266059495580944,55.0,25.0,,1293.0,0.0,0.0,,,,
,Greenbrier,1,224100.0,224100.0,,72.38461538461539,20.65100237120069,37.0,25.0,,3234.0,0.0,0.0,,2.0,1719.0,
,Greencastle,1,0.0,0.0,,,0.0,33.666666666666664,25.0,,,0.0,0.0,,,,
,Greeneville,1,83800.0,83800.0,,458.6666666666667,4.76126320327657,54.333333333333336,25.0,,15028.0,0.0,0.0,,0.75,691.0,
,Greensboro,1,190400.0,190400.0,,-4.8,21.747682690234964,39.666666666666664,25.0,,2420.0,0.0,0.0,,,,
,Grove City,1,575300.0,575300.0,,,0.0,50.0,25.0,64.65,,0.0,0.0,4.0,3.5,530.0,
,Guilford,1,138100.0,138100.0,,,0.0,37.666666666666664,25.0,37.015,,0.0,0.0,3.0,1.5,1904.0,
,Guyton,1,305800.0,305800.0,,67.72983320260865,21.862200905367537,42.666666666666664,25.0,,2335.0,0.0,0.0,,2.5,2355.0,
,Hadley,1,412200.0,412200.0,,,0.0,50.0,25.0,,,0.0,0.0,,0.0,3000.0,
,Hall,1,388600.0,388600.0,,,20.946055184306964,43.0,25.0,31.18,3015.0,0.0,0.0,2.0,1.0,1170.0,
,Hammond,1,241600.0,241600.0,,,15.117751670618668,65.66666666666667,25.0,,7341.0,0.0,0.0,,,1544.0,
,Harlingen,1,463500.0,463500.0,,,22.546615649924554,44.666666666666664,25.0,70.32,1827.0,0.0,0.0,5.0,5.0,3364.0,
,Harrisburg,1,99100.0,99100.0,,57.3015873015873,21.526729898685062,67.66666666666667,25.0,,2584.0,0.0,0.0,,,,
,Hartselle,1,0.0,0.0,,,0.0,42.666666666666664,25.0,,,0.0,0.0,,,,
,Hawkins,1,2260.0,2260.0,,,0.0,54.333333333333336,25.0,,,0.0,0.0,,,910.0,
,Hayden Lake,1,466400.0,466400.0,,,0.0,43.333333333333336,25.0,53.75,,0.0,0.0,3.0,2.0,1468.0,
,Hermiston,1,8987930.0,8987930.0,,,0.0,37.666666666666664,25.0,59.4,,0.0,0.0,4.0,4.0,80.0,
,Hialeah Gardens,1,199100.0,199100.0,,,0.0,60.0,25.0,,,0.0,0.0,,,817.0,
,Highland,1,0.0,0.0,,,0.0,60.0,25.0,47.58,,0.0,0.0,2.0,1.0,850.0,
,Hinckley,1,251000.0,251000.0,,,0.0,42.333333333333336,25.0,58.5,,0.0,0.0,3.0,2.0,1568.0,
,Ho Ho Kus,1,1048700.0,1048700.0,,90.67307395104355,16.917708557878854,57.0,25.0,,6005.0,0.0,0.0,,,1850.0,
,Holden,1,546800.0,546800.0,,,0.0,35.333333333333336,25.0,,,0.0,0.0,,1.5,1573.0,
,Horntown,1,25000.0,25000.0,,,0.0,44.666666666666664,25.0,,,0.0,0.0,,,,
,Houston,6,182916.66666666666,162950.0,,,5.4966497808435735,58.694444444444436,25.0,49.8075,6322.5,0.0,0.0,3.0,1.75,1651.1666666666667,
,Howards Grove,1,453900.0,453900.0,,,0.0,50.0,25.0,,,0.0,0.0,,,,
,Hughson,1,598900.0,598900.0,,,0.0,49.666666666666664,25.0,35.379999999999995,,0.0,0.0,2.0,1.0,1260.0,
,Humble,3,282900.0,293300.0,,,7.3134475820938425,58.0,25.0,70.07833333333333,2277.0,0.0,0.0,3.6666666666666665,2.8333333333333335,2495.3333333333335,
,Imperial,1,261200.0,261200.0,,,0.0,50.0,25.0,,,0.0,0.0,,2.0,1142.0,
,Itasca,1,595000.0,595000.0,,0.0,23.931612416469065,50.0,25.0,,799.0,0.0,0.0,,,4709.0,
,Iuka,1,514700.0,514700.0,,,0.0,57.666666666666664,25.0,,,0.0,0.0,,1.0,2109.0,
,Jackson,3,223800.0,242700.0,,,0.0,43.77777777777778,25.0,55.1925,,0.0,0.0,3.0,2.25,1835.3333333333333,
,Jarratt,1,22700.0,22700.0,,,0.0,41.666666666666664,25.0,,,0.0,0.0,,,,
,Jellico,1,12000.0,12000.0,,0.0,23.814399655098082,50.5,25.0,,886.0,0.0,0.0,,,660.0,
,Jermyn,1,0.0,0.0,,,0.0,61.666666666666664,25.0,46.58,,0.0,0.0,2.0,1.0,650.0,
,Johnsonville,1,21120.0,21120.0,,101.14285714285714,22.30949558094417,44.666666666666664,25.0,,2003.0,0.0,0.0,,,,
,Johnstown,1,7460.0,7460.0,,,0.0,41.666666666666664,25.0,,,0.0,0.0,,,,
,Joliet,1,189600.0,189600.0,,,0.0,64.5,25.0,,,0.0,0.0,,,864.0,
,Kahului,1,935300.0,935300.0,,,0.0,50.0,25.0,43.785,,0.0,0.0,3.0,2.0,1325.0,
,Kamas,1,662200.0,662200.0,,,19.648631170510885,73.0,25.0,29.95,3978.0,0.0,0.0,0.0,1.0,524.0,
,Kansas,1,115900.0,115900.0,,110.72727272727272,20.32900409571028,47.333333333333336,25.0,,3473.0,0.0,0.0,,,,
,Kansas City,1,0.0,0.0,,,24.211845225264064,50.0,25.0,77.05000000000001,591.0,0.0,0.0,4.0,3.0,2012.0,
,Kasota,1,825900.0,825900.0,,,0.0,41.0,25.0,98.27,,0.0,0.0,5.0,3.5,4804.0,
,Keithsburg,1,13380.0,13380.0,,,0.0,49.333333333333336,25.0,,,0.0,0.0,,,,
,Kendall Park,1,259200.0,259200.0,,,0.0,57.333333333333336,25.0,26.36,,0.0,0.0,1.0,1.0,756.0,
,Kernersville,1,298000.0,298000.0,,,0.0,44.0,25.0,48.584999999999994,,0.0,0.0,3.0,2.0,1385.0,
,Killeen,1,300600.0,300600.0,,,19.181127398146153,44.0,25.0,82.48,4325.0,0.0,0.0,4.0,4.0,2496.0,
,Kirkland,1,356600.0,356600.0,,,0.0,66.0,25.0,36.214999999999996,,0.0,0.0,0.0,1.0,577.0,
,Kittery,2,450100.0,450100.0,,,0.0,79.66666666666666,25.0,47.6475,,0.0,0.0,3.0,1.75,1664.0,
,Kokomo,1,290800.0,290800.0,,,0.0,42.666666666666664,25.0,61.895,,0.0,0.0,2.0,2.5,2214.0,
,Kyle,1,340800.0,340800.0,,,0.0,48.666666666666664,25.0,67.52,,0.0,0.0,4.0,2.0,2172.0,
,La Crosse,2,294200.0,294200.0,,,0.0,48.833333333333336,25.0,52.7525,,0.0,0.0,3.0,2.0,1843.5,
,La Place,1,187300.0,187300.0,,,0.0,50.0,25.0,,,0.0,0.0,,,2535.0,
,Lake Charles,2,72700.0,72700.0,,,11.35010239275706,46.0,25.0,,1713.0,0.0,0.0,0.0,0.0,956.0,
,Lakeside,1,320100.0,320100.0,,,0.0,53.666666666666664,25.0,,,0.0,0.0,,,1368.0,
,Lanham,1,420600.0,420600.0,,236.48,6.231138176331104,62.333333333333336,25.0,,13937.0,0.0,0.0,,3.0,1218.0,
,Laredo,1,263200.0,263200.0,,,0.0,48.333333333333336,25.0,55.379999999999995,,0.0,0.0,3.0,2.0,1394.0,
,Leavenworth,1,114000.0,114000.0,,,9.86608105195085,62.666666666666664,25.0,23.724999999999998,11239.0,0.0,0.0,2.0,1.0,1079.0,
,Leland,1,533700.0,533700.0,,,0.0,41.666666666666664,25.0,73.74000000000001,,0.0,0.0,3.0,3.0,2600.0,
,Liberty,1,260800.0,260800.0,,,24.919163612847598,62.333333333333336,25.0,,66.0,0.0,0.0,3.0,2.0,,
,Lincoln,1,301300.0,301300.0,,94.38709677419355,22.72041388230222,50.0,25.0,,1698.0,0.0,0.0,,,,
,Lincolnwood,1,331900.0,331900.0,,137.63836581558863,9.143942660056045,74.33333333333333,25.0,,11775.0,0.0,0.0,,,,
,Lipan,1,452500.0,452500.0,,,0.0,52.0,25.0,,,0.0,0.0,,,,
,Littleton,1,198800.0,198800.0,,,0.0,50.0,25.0,,,0.0,0.0,2.0,,,
,Livonia,1,274900.0,274900.0,,,0.0,63.666666666666664,25.0,47.415,,0.0,0.0,3.0,2.0,1701.0,
,Llano,2,330900.0,330900.0,,,11.34606057339944,43.5,25.0,57.339999999999996,1719.0,0.0,0.0,3.0,1.5,1336.0,
,Lock Haven,1,311900.0,311900.0,,,0.0,50.0,25.0,,,0.0,0.0,,2.0,1352.0,
,Locust Grove,1,501000.0,501000.0,,,0.0,37.666666666666664,25.0,68.56,,0.0,0.0,3.0,3.0,1964.0,
,Longmont,1,490300.0,490300.0,,,0.0,61.0,25.0,63.655,,0.0,0.0,4.0,2.5,2016.0,
,Longwood,1,449000.0,449000.0,,,0.0,50.0,25.0,63.925000000000004,,0.0,0.0,4.0,2.5,2270.0,
,Los Angeles,2,1426950.0,1426950.0,,,0.0,60.0,25.0,35.6725,,0.0,0.0,2.5,1.5,1385.5,
,Loup City,1,35350.0,35350.0,,,0.0,41.666666666666664,25.0,49.75,,0.0,0.0,3.0,2.0,1368.0,
,Ludington,1,518600.0,518600.0,,,0.0,40.0,25.0,76.61500000000001,,0.0,0.0,3.0,3.0,2475.0,
,Lufkin,1,621400.0,621400.0,,,20.459689588273335,40.0,25.0,81.74000000000001,3376.0,0.0,0.0,4.0,3.0,3000.0,
,Lusby,1,243600.0,243600.0,,193.49397590361446,6.691905583099807,34.333333333333336,25.0,,13595.0,0.0,0.0,,2.0,864.0,
,Lyerly,1,101540.0,101540.0,,1028.2222222222222,15.791388230222031,57.333333333333336,25.0,,6841.0,0.0,0.0,,1.0,1280.0,
,Lynchburg,1,26112.0,26112.0,,,0.0,41.666666666666664,25.0,,,0.0,0.0,,,960.0,
,Manahawkin,1,241400.0,241400.0,,,0.0,43.0,25.0,,,0.0,0.0,,,,
,Manitou Springs,1,475400.0,475400.0,,,0.0,72.33333333333333,25.0,39.71,,0.0,0.0,3.0,2.0,1610.0,
,Maplewood,1,1025.0,1025.0,1.5769230769230769,,0.0,50.0,25.0,,,0.0,0.0,1.0,1.0,,
,Marianna,1,0.0,0.0,,,0.0,45.666666666666664,25.0,47.144999999999996,,0.0,0.0,2.0,1.0,763.0,
,Maribel,1,401100.0,401100.0,,,0.0,43.333333333333336,25.0,,,0.0,0.0,,,,
,Markleysburg,1,22540.0,22540.0,,,0.0,46.333333333333336,25.0,,,0.0,0.0,,,938.0,
,Marshall,1,120000.0,120000.0,,,0.0,50.0,25.0,,,0.0,0.0,,,,
,Marshfield,1,159700.0,159700.0,,,0.0,41.666666666666664,25.0,,,0.0,0.0,,,,
,Maryville,1,100000.0,100000.0,,0.0,24.74132356111231,36.333333333333336,25.0,,198.0,0.0,0.0,,0.0,,
,McKinleyville,1,434300.0,434300.0,,49.81027940669197,20.355949558094416,56.666666666666664,25.0,,3453.0,0.0,0.0,,,,
,Mechanicsville,1,614700.0,614700.0,,,0.0,46.666666666666664,25.0,72.845,,0.0,0.0,4.0,2.5,2854.0,
,Melbourne,1,0.0,0.0,,,0.0,56.333333333333336,25.0,,,0.0,0.0,,,,
,Midlothian,2,238050.0,238050.0,,,12.219093554645397,44.16666666666667,25.0,77.405,423.0,0.0,0.0,3.5,3.0,2464.5,
,Mikana,1,0.0,0.0,,,0.0,42.666666666666664,25.0,,,0.0,0.0,,,,
,Milledgeville,1,153300.0,153300.0,,,0.0,50.0,25.0,,,0.0,0.0,,2.0,1404.0,
,Millsboro,1,156200.0,156200.0,,,0.0,45.333333333333336,25.0,,,0.0,0.0,,,,
,Mineola,1,616100.0,616100.0,,,0.0,67.0,25.0,,,0.0,0.0,,,1190.0,
,Mishicot,1,246900.0,246900.0,,348.90909090909093,15.527322698857512,42.0,25.0,,7037.0,0.0,0.0,,,,
,Mission,1,210500.0,210500.0,,,0.0,49.333333333333336,25.0,57.739999999999995,,0.0,0.0,3.0,2.0,1416.0,
,Mobile,1,23300.0,23300.0,,,0.0,58.666666666666664,25.0,42.76,,0.0,0.0,1.0,1.0,886.0,
,Modesto,1,0.0,0.0,,,0.0,65.0,25.0,,,0.0,0.0,2.0,1.0,,
,Monticello,1,29500.0,29500.0,,,0.0,56.333333333333336,25.0,29.63,,0.0,0.0,2.0,1.0,810.0,
,Montrose,1,242400.0,242400.0,,,0.0,41.666666666666664,25.0,,,0.0,0.0,,,,
,Morgantown,1,71500.0,71500.0,,,0.0,50.0,25.0,26.119999999999997,,0.0,0.0,2.0,1.0,1108.0,
,Mount Enterprise,1,454900.0,454900.0,,,0.0,47.333333333333336,25.0,,,0.0,0.0,,,2922.0,
,Mount Olivet,1,350600.0,350600.0,,55.822222222222216,15.920726449665876,50.0,25.0,,6745.0,0.0,0.0,3.0,1.0,,
,Mount Pleasant,2,302750.0,302750.0,,,0.0,42.0,25.0,,,0.0,0.0,,,,
,Mountain Rest,1,265000.0,265000.0,,,0.0,33.666666666666664,25.0,40.239999999999995,,0.0,0.0,3.0,1.0,1382.0,
,Murray,1,665200.0,665200.0,,,0.0,65.66666666666667,25.0,71.68,,0.0,0.0,4.0,3.0,2788.0,
,Muskegon,1,167200.0,167200.0,,,0.0,57.333333333333336,25.0,26.779999999999998,,0.0,0.0,2.0,1.0,1040.0,
,Myerstown,1,541700.0,541700.0,,,0.0,41.666666666666664,25.0,63.095,,0.0,0.0,3.0,2.0,2137.0,
,Myrtle beach,1,127800.0,127800.0,,,0.0,49.666666666666664,25.0,42.989999999999995,,0.0,0.0,2.0,1.0,1232.0,
,Nashville,1,1944.0,1944.0,2.64850136239782,,0.0,50.0,25.0,,,0.0,0.0,1.0,1.0,,
,Naugatuck,1,357800.0,357800.0,,,0.0,60.666666666666664,25.0,57.925000000000004,,0.0,0.0,3.0,2.5,1470.0,
,New Brunswick,2,620100.0,620100.0,,186.75576036866363,18.894831860314724,65.16666666666666,25.0,,4537.5,0.0,0.0,,0.0,2515.0,
,New Cambria,1,0.0,0.0,,,0.0,37.0,25.0,,,0.0,0.0,,,,
,New Haven,2,0.0,0.0,,,12.107943522310842,81.0,25.0,64.845,588.0,0.0,0.0,2.5,2.0,971.0,
,New Orleans,3,259966.66666666666,381800.0,,,28.621072378078196,74.66666666666667,25.0,56.59666666666667,1559.6666666666667,0.0,0.0,3.0,2.0,1687.3333333333333,
,New Port Richey,2,300700.0,300700.0,,,0.0,58.166666666666664,25.0,45.69,,0.0,0.0,2.0,2.5,1897.0,
,Newnan,1,590200.0,590200.0,,,0.0,38.666666666666664,25.0,,,0.0,0.0,,3.0,2942.0,
,Nixa,1,213200.0,213200.0,,,0.0,35.333333333333336,25.0,46.07,,0.0,0.0,3.0,1.0,1298.0,
,North Haledon,1,749000.0,749000.0,,0.0,24.893565423582668,39.0,25.0,,85.0,0.0,0.0,3.0,3.0,,
,North Ogden,1,638000.0,638000.0,,,0.0,54.333333333333336,25.0,84.48,,0.0,0.0,6.0,3.0,2098.0,
,North Pole,1,125600.0,125600.0,,,22.561435654235826,68.0,25.0,40.974999999999994,1816.0,0.0,0.0,2.0,2.0,1513.0,
,North Richland Hills,1,470000.0,470000.0,,,22.6961629661565,53.333333333333336,25.0,76.88,1716.0,0.0,0.0,4.0,3.0,2978.0,
,North Troy,1,217400.0,217400.0,,,0.0,43.666666666666664,25.0,,,0.0,0.0,,,,
,North liberty,1,87700.0,87700.0,,182.90322580645162,16.13629014873895,50.0,25.0,,6585.0,0.0,0.0,,,,
,Northport,1,73700.0,73700.0,,6.811594202898551,19.41555292088812,36.666666666666664,25.0,,4151.0,0.0,0.0,3.0,,1728.0,
,Northridge,1,2025.0,2025.0,2.7,,0.0,50.0,25.0,,,0.0,0.0,1.0,1.0,,
,Oakville,1,0.0,0.0,,,0.0,68.0,25.0,,,0.0,0.0,,,,
,Odessa,2,189410.0,189410.0,,,0.0,70.66666666666666,25.0,46.86,,0.0,0.0,3.0,2.0,1802.0,
,Ontario,1,550400.0,550400.0,,,0.0,60.5,25.0,57.69499999999999,,0.0,0.0,2.0,2.0,1457.0,
,Opdyke,1,19428.0,19428.0,,-61.144,15.936893727096358,40.0,25.0,,6733.0,0.0,0.0,,0.0,,
,Ottumwa,1,1600.0,1600.0,,,0.0,56.666666666666664,25.0,,,0.0,0.0,,,,
,Pace,1,25630.0,25630.0,,,0.0,45.333333333333336,25.0,,,0.0,0.0,,1.0,919.0,
,Papillion,1,414500.0,414500.0,,,0.0,45.666666666666664,25.0,73.655,,0.0,0.0,4.0,2.5,3016.0,
,Paradise,1,531000.0,531000.0,,,0.0,42.0,25.0,,,0.0,0.0,,,1532.0,
,Parker,1,845000.0,845000.0,,,0.0,41.666666666666664,25.0,71.545,,0.0,0.0,4.0,3.0,3061.0,
,Parkville,1,530100.0,530100.0,,,0.0,39.333333333333336,25.0,71.94500000000001,,0.0,0.0,3.0,3.0,3291.0,
,Perham,1,225100.0,225100.0,,,0.0,69.66666666666667,25.0,44.78,,0.0,0.0,4.0,1.0,1240.0,
,Pleasantville,1,177000.0,177000.0,,,0.0,47.666666666666664,25.0,35.5,,0.0,0.0,3.0,1.0,2434.0,
,Plymouth,1,234800.0,234800.0,,,0.0,50.0,25.0,,,0.0,0.0,,,,
,Port Hueneme,1,630100.0,630100.0,,,0.0,62.666666666666664,25.0,49.56999999999999,,0.0,0.0,3.0,2.0,1282.0,
,Port huron,1,0.0,0.0,,,0.0,52.0,25.0,,,0.0,0.0,,,,
,Pulaski,1,1139700.0,1139700.0,,5598.5,12.947294675576632,50.0,25.0,,8952.0,0.0,0.0,,1.5,2988.0,
,Punta Gorda,1,0.0,0.0,,,22.969659409355465,57.666666666666664,25.0,42.08,1513.0,0.0,0.0,1.0,1.0,750.0,
,Raeford,1,531100.0,531100.0,,51.74285714285715,20.384242293597758,41.0,25.0,,3432.0,0.0,0.0,,3.5,3139.0,
,Rancho Cucamonga,1,699500.0,699500.0,,,0.0,59.666666666666664,25.0,,,0.0,0.0,,,1196.0,
,Rapid City,1,120100.0,120100.0,,,0.0,50.0,25.0,,,0.0,0.0,,,,
,Red Oak,1,313900.0,313900.0,,,0.0,43.0,25.0,52.974999999999994,,0.0,0.0,3.0,2.0,1363.0,
,Redding,1,374100.0,374100.0,,,0.0,52.0,25.0,51.97,,0.0,0.0,3.0,2.0,1762.0,
,Register,1,785340.0,785340.0,,,0.0,41.333333333333336,25.0,27.029999999999998,,0.0,0.0,2.0,1.0,540.0,
,Renfrew,1,324300.0,324300.0,,,0.0,35.333333333333336,25.0,,,0.0,0.0,,,,
,Richmond,1,108500.0,108500.0,,1813.5802469135804,16.803190342746284,41.0,25.0,,6090.0,0.0,0.0,,,840.0,
,Roanoke,1,58020.0,58020.0,,,0.0,39.0,25.0,,,0.0,0.0,,,997.0,
,Robertsdale,1,208700.0,208700.0,,,0.0,50.0,25.0,57.58,,0.0,0.0,3.0,2.0,1634.0,
,Rockwood,1,171900.0,171900.0,,,0.0,58.333333333333336,25.0,,,0.0,0.0,,1.5,2244.0,
,Roebling,1,228600.0,228600.0,,57.7639751552795,24.614679887906878,60.0,25.0,,292.0,0.0,0.0,,,1074.0,
,Round Rock,1,2068.0,2068.0,2.108053007135576,,0.0,50.0,25.0,,,0.0,0.0,2.0,2.0,,
,Rustburg,1,365800.0,365800.0,,,0.0,37.333333333333336,25.0,,,0.0,0.0,3.0,,4230.0,
,Sabinal,1,146329.0,146329.0,,,0.0,53.0,25.0,,,0.0,0.0,,1.5,2144.0,
,Sadieville,1,417600.0,417600.0,,,0.0,50.0,25.0,,,0.0,0.0,,,,
,Saginaw,1,0.0,0.0,,,18.44551627505928,43.0,25.0,,4871.0,0.0,0.0,,,,
,Saint Charles,1,0.0,0.0,,,24.055561543436085,48.333333333333336,25.0,57.265,707.0,0.0,0.0,3.0,2.0,1721.0,
,Saint Gabriel,1,267600.0,267600.0,,,21.179133433929728,44.0,25.0,59.885,2842.0,0.0,0.0,3.0,2.0,1445.0,
,Saint Louis,1,2740.0,2740.0,,,17.837896098297048,73.33333333333333,25.0,,5322.0,0.0,0.0,,1.0,2840.0,
,Salisbury,1,252300.0,252300.0,,,0.0,44.0,25.0,,,0.0,0.0,,1.5,1747.0,
,San Antonio,8,294737.5,357050.0,,,7.710780879499892,52.20833333333333,25.0,64.89071428571428,3300.0,0.0,0.0,3.4285714285714284,2.5,2231.75,
,Sandusky,1,318100.0,318100.0,,,0.0,62.0,25.0,41.989999999999995,,0.0,0.0,2.0,2.0,1716.0,
,Sarepta,1,0.0,0.0,,,23.76185600344902,50.0,25.0,,925.0,0.0,0.0,,,1779.0,
,Scott,1,127300.0,127300.0,,,0.0,45.0,25.0,,,0.0,0.0,,,1794.0,
,Sealy,1,114900.0,114900.0,,,0.0,54.333333333333336,25.0,,,0.0,0.0,,1.0,1356.0,
,Sebewaing,1,19400.0,19400.0,,,0.0,50.0,25.0,,,0.0,0.0,,,,
,Senecaville,1,8930.0,8930.0,,-70.23333333333333,19.676923906014228,50.0,25.0,,3957.0,0.0,0.0,,,,
,Severna Park,1,686900.0,686900.0,,340.3205128205128,9.061758999784436,59.333333333333336,25.0,,11836.0,0.0,0.0,,2.5,2244.0,
,Sevierville,1,775200.0,775200.0,,98.76923076923076,16.24811381763311,46.333333333333336,25.0,,6502.0,0.0,0.0,,1.5,2655.0,
,Sexsmith,1,0.0,0.0,,,0.0,52.0,25.0,,,0.0,0.0,,,,
,Shawnee,1,513400.0,513400.0,,,0.0,42.333333333333336,25.0,,,0.0,0.0,,,,
,Sheffield,1,161700.0,161700.0,,,22.170726449665878,46.666666666666664,25.0,58.15,2106.0,0.0,0.0,3.0,2.0,1748.0,
,Shepherdsville,1,390700.0,390700.0,,,0.0,50.0,25.0,75.03,,0.0,0.0,3.0,3.0,2258.0,
,Shreveport,1,89300.0,89300.0,,,22.13973916792412,73.33333333333333,25.0,29.33,2129.0,0.0,0.0,3.0,1.0,1200.0,
,Silver Spring,1,658500.0,658500.0,,26.634615384615383,14.999191636128476,51.333333333333336,25.0,,7429.0,0.0,0.0,,2.5,2340.0,
,Sioux City,1,164300.0,164300.0,,447.66666666666663,16.427301142487604,50.0,25.0,,6369.0,0.0,0.0,,,,
,Skiatook,1,117300.0,117300.0,,,0.0,58.333333333333336,25.0,32.519999999999996,,0.0,0.0,1.0,1.0,688.0,
,South Charleston,1,56000.0,56000.0,,,0.0,33.666666666666664,25.0,44.989999999999995,,0.0,0.0,3.0,2.0,1416.0,
,South Euclid,1,155300.0,155300.0,,369.9651989711,18.45359991377452,59.0,25.0,,4865.0,0.0,0.0,4.0,2.0,,
,South Milwaukee,2,348000.0,348000.0,,,0.0,54.5,25.0,63.44,,0.0,0.0,4.5,3.5,1314.0,
,Southaven,1,261700.0,261700.0,,,0.0,43.666666666666664,25.0,,,0.0,0.0,3.0,,1660.0,
,Sparta,1,193000.0,193000.0,,,0.0,75.0,25.0,,,0.0,0.0,,,,
,Spring,1,267600.0,267600.0,,,0.0,46.666666666666664,25.0,72.78,,0.0,0.0,4.0,2.5,2441.0,
,Spruce,1,211200.0,211200.0,,,0.0,41.0,25.0,,,0.0,0.0,,,,
,Stanchfield,1,0.0,0.0,,,0.0,41.666666666666664,25.0,,,0.0,0.0,,,,
,Strawberry Plains,1,103500.0,103500.0,,246.15384615384616,10.345710282388445,50.0,25.0,,10883.0,0.0,0.0,,1.0,1058.0,
,Street,1,474700.0,474700.0,,137.35,21.561758999784438,50.0,25.0,,2558.0,0.0,0.0,,2.5,1480.0,
,Strongsville,1,195000.0,195000.0,,,0.0,41.666666666666664,25.0,36.349999999999994,,0.0,0.0,3.0,1.0,1104.0,
,Sugar Land,2,808650.0,808650.0,,,11.259161457210606,44.33333333333333,25.0,80.715,1848.0,0.0,0.0,3.5,4.0,4406.0,
,Sullivan,1,60200.0,60200.0,,,0.0,51.333333333333336,25.0,25.119999999999997,,0.0,0.0,2.0,1.0,1158.0,
,Sulphur,1,26100.0,26100.0,,,18.415876266436733,44.333333333333336,25.0,,4893.0,0.0,0.0,,,1040.0,
,Sun City Center,1,100400.0,100400.0,,,0.0,46.666666666666664,25.0,32.809999999999995,,0.0,0.0,1.0,1.0,196.0,
,Sun Valley,1,2800.0,2800.0,2.263540824575586,,0.0,50.0,25.0,,,0.0,0.0,2.0,2.5,,
,Tamms,1,267400.0,267400.0,,,0.0,50.0,25.0,,,0.0,0.0,,,,
,Taylorsville,1,50965.0,50965.0,,,0.0,36.0,25.0,,,0.0,0.0,,,,
,Texas City,1,0.0,0.0,,,24.187594309118346,56.333333333333336,25.0,,609.0,0.0,0.0,,2.0,1211.0,
,The Woodlands,1,658500.0,658500.0,,,0.0,49.666666666666664,25.0,74.475,,0.0,0.0,3.0,3.0,2497.0,
,Tipp City,1,375000.0,375000.0,,,0.0,50.0,25.0,78.84,,0.0,0.0,4.0,3.0,2570.0,
,Tomball,1,287400.0,287400.0,,,0.0,50.666666666666664,25.0,61.44499999999999,,0.0,0.0,3.0,2.0,1907.0,
,Toney,1,136500.0,136500.0,,,0.0,43.666666666666664,25.0,,,0.0,0.0,,1.0,1.0,
,Trego,1,468200.0,468200.0,,49.346092503987244,21.894535460228497,42.0,25.0,,2311.0,0.0,0.0,,,,
,Tullahoma,1,271900.0,271900.0,,,0.0,50.0,25.0,,,0.0,0.0,,2.0,2296.0,
,Tupelo,1,132900.0,132900.0,,,0.0,51.333333333333336,25.0,,,0.0,0.0,,1.0,1434.0,
,Tye,1,13150.0,13150.0,,,0.0,46.333333333333336,25.0,,,0.0,0.0,,,,
,Tyler,1,0.0,0.0,,,24.45165984048286,38.0,25.0,,413.0,0.0,0.0,,,1568.0,
,Uniontown,1,17920.0,17920.0,,412.0,20.451605949558093,42.666666666666664,25.0,,3382.0,0.0,0.0,,,816.0,
,Upper Marlboro,1,404200.0,404200.0,,3.6410256410256405,23.23507221383919,39.0,25.0,,1316.0,0.0,0.0,,,1685.0,
,Urbana,1,19000.0,19000.0,,,0.0,83.66666666666667,25.0,,,0.0,0.0,,1.0,936.0,
,Uvalde,1,274400.0,274400.0,,,0.0,58.0,25.0,58.36,,0.0,0.0,3.0,2.0,3040.0,
,Valley,1,50140.0,50140.0,,,0.0,55.0,25.0,,,0.0,0.0,,1.0,1658.0,
,Vicksburg,1,24111.0,24111.0,,,0.0,41.666666666666664,25.0,,,0.0,0.0,0.0,0.0,,
,Voorheesville,1,399600.0,399600.0,,,0.0,46.0,25.0,55.949999999999996,,0.0,0.0,3.0,2.0,1908.0,
,Waco,1,0.0,0.0,,,23.99628152619099,70.66666666666667,25.0,43.08,751.0,0.0,0.0,1.0,1.0,950.0,
,Wagner,1,1000.0,1000.0,,,0.0,55.333333333333336,25.0,,,0.0,0.0,,,,
,Warrenton,1,88380.0,88380.0,,,0.0,42.666666666666664,25.0,52.19,,0.0,0.0,2.0,2.0,1456.0,
,Wenatchee,1,136100.0,136100.0,,,0.0,60.333333333333336,25.0,53.97,,0.0,0.0,3.0,2.0,1512.0,
,Wentzville,1,367400.0,367400.0,,,21.714000862254796,38.333333333333336,25.0,68.815,2445.0,0.0,0.0,3.0,3.0,1765.0,
,West Frankfort,1,54090.0,54090.0,,,0.0,41.666666666666664,25.0,,,0.0,0.0,,,,
,West Valley City,1,354000.0,354000.0,,,0.0,62.0,25.0,35.769999999999996,,0.0,0.0,3.0,1.0,988.0,
,West Warwick,1,0.0,0.0,,,0.0,57.333333333333336,25.0,54.33,,0.0,0.0,3.0,1.0,1200.0,
,Wheatland,1,91900.0,91900.0,,,0.0,50.0,25.0,,,0.0,0.0,2.0,,942.0,
,Wheaton,1,369600.0,369600.0,,89.53846153846153,22.93867212761371,57.666666666666664,25.0,,1536.0,0.0,0.0,,,2200.0,
,White Bluff,1,294900.0,294900.0,,,0.0,39.333333333333336,25.0,,,0.0,0.0,,,1342.0,
,White Hills,1,22.0,22.0,,,0.0,41.666666666666664,25.0,,,0.0,0.0,,,,
,Whitefish,1,1370900.0,1370900.0,,,0.0,45.333333333333336,25.0,42.83500000000001,,0.0,0.0,2.0,1.5,1218.0,
,Whitestown,1,292000.0,292000.0,,,0.0,58.0,25.0,73.82,,0.0,0.0,4.0,2.0,2432.0,
,Wills Point,1,369700.0,369700.0,,,0.0,41.666666666666664,25.0,,,0.0,0.0,,,,
,Wilmore,1,66800.0,66800.0,,,0.0,50.0,25.0,47.545,,0.0,0.0,3.0,1.5,910.0,
,Wilson,2,2513450.0,2513450.0,,,0.0,48.16666666666667,25.0,43.675000000000004,,0.0,0.0,3.0,2.25,1018.0,
,Winchester,1,464400.0,464400.0,,,0.0,52.666666666666664,25.0,,,0.0,0.0,,,,
,Wisconsin Rapids,2,283500.0,283500.0,,122.25806451612904,7.613440396637206,41.666666666666664,25.0,,7260.0,0.0,0.0,,,,
,Wolf Creek,1,268400.0,268400.0,,,19.88709851261048,45.0,25.0,58.39,3801.0,0.0,0.0,3.0,2.0,1696.0,
,Wood Dale,1,407900.0,407900.0,,,0.0,52.333333333333336,25.0,,,0.0,0.0,,2.0,1527.0,
,Wyoming,1,24600.0,24600.0,,,0.0,49.0,25.0,,,0.0,0.0,,,,
